{
	"credit": "Made By BronGhast014 with Blockbench",
	"textures": {
		"0": "mobs/jungle_zombie",
		"1": "mobs/overgrowth",
		"2_0": "mobs/jungle_zombie",
		"2_1": "mobs/overgrowth"
	},
	"elements": [
		{
			"name": "Head",
			"from": [4, 21, 4],
			"to": [12, 29, 12],
			"faces": {
				"north": {"uv": [2, 2, 4, 4], "texture": "#1"},
				"east": {"uv": [0, 2, 2, 4], "texture": "#1"},
				"south": {"uv": [0, 0, 2, 2], "texture": "#1"},
				"west": {"uv": [4, 2, 6, 4], "texture": "#1"},
				"up": {"uv": [2, 0, 4, 2], "rotation": 180, "texture": "#1"},
				"down": {"uv": [4, 2, 6, 0], "rotation": 180, "texture": "#1"}
			}
		},
		{
			"name": "Head",
			"from": [3.9, 20.9, 3.9],
			"to": [12.1, 29.1, 12.1],
			"faces": {
				"north": {"uv": [2, 2, 4, 4], "texture": "#0"},
				"east": {"uv": [0, 2, 2, 4], "texture": "#0"},
				"south": {"uv": [6, 2, 8, 4], "texture": "#0"},
				"west": {"uv": [4, 2, 6, 4], "texture": "#0"},
				"up": {"uv": [2, 0, 4, 2], "rotation": 180, "texture": "#0"},
				"down": {"uv": [4, 2, 6, 0], "rotation": 180, "texture": "#0"}
			}
		},
		{
			"from": [4.46429, 27, 8.71429],
			"to": [9.46429, 32, 8.71429],
			"faces": {
				"north": {"uv": [14.25, 10.5, 15.5, 11.75], "rotation": 180, "texture": "#1"},
				"east": {"uv": [0, 0, 0, 5], "rotation": 180, "texture": "#1"},
				"south": {"uv": [14.25, 10.5, 15.5, 11.75], "rotation": 180, "texture": "#1"},
				"west": {"uv": [0, 0, 0, 5], "texture": "#1"},
				"up": {"uv": [0, 0, 4, 0], "rotation": 180, "texture": "#1"},
				"down": {"uv": [0, 0, 4, 0], "texture": "#1"}
			}
		},
		{
			"from": [4.46429, 27, 8.71429],
			"to": [9.46429, 32, 8.71429],
			"rotation": {"angle": -45, "axis": "y", "origin": [6.96429, 29.5, 8.71429]},
			"faces": {
				"north": {"uv": [14.25, 10.5, 15.5, 11.75], "rotation": 180, "texture": "#1"},
				"east": {"uv": [0, 0, 0, 5], "rotation": 180, "texture": "#1"},
				"south": {"uv": [14.25, 10.5, 15.5, 11.75], "rotation": 180, "texture": "#1"},
				"west": {"uv": [0, 0, 0, 5], "texture": "#1"},
				"up": {"uv": [0, 0, 4, 0], "rotation": 180, "texture": "#1"},
				"down": {"uv": [0, 0, 4, 0], "texture": "#1"}
			}
		},
		{
			"from": [4.46429, 27, 8.71429],
			"to": [9.46429, 32, 8.71429],
			"rotation": {"angle": 45, "axis": "y", "origin": [6.96429, 29.5, 8.71429]},
			"faces": {
				"north": {"uv": [14.25, 10.5, 15.5, 11.75], "rotation": 180, "texture": "#1"},
				"east": {"uv": [0, 0, 0, 5], "rotation": 180, "texture": "#1"},
				"south": {"uv": [14.25, 10.5, 15.5, 11.75], "rotation": 180, "texture": "#1"},
				"west": {"uv": [0, 0, 0, 5], "texture": "#1"},
				"up": {"uv": [0, 0, 4, 0], "rotation": 180, "texture": "#1"},
				"down": {"uv": [0, 0, 4, 0], "texture": "#1"}
			}
		},
		{
			"name": "brown mushroom",
			"from": [9.5, 28.42857, 4.85714],
			"to": [9.5, 31.42857, 7.85714],
			"faces": {
				"north": {"uv": [0, 0, 0, 5], "texture": "#1"},
				"east": {"uv": [8, 0, 10, 1.75], "texture": "#1"},
				"south": {"uv": [0, 0, 0, 5], "rotation": 180, "texture": "#1"},
				"west": {"uv": [8, 0, 10, 1.75], "texture": "#1"},
				"up": {"uv": [0, 0, 4, 0], "rotation": 270, "texture": "#1"},
				"down": {"uv": [0, 0, 4, 0], "rotation": 270, "texture": "#1"}
			}
		},
		{
			"name": "brown mushroom",
			"from": [8, 28.42857, 6.35714],
			"to": [11, 31.42857, 6.35714],
			"faces": {
				"north": {"uv": [8, 0, 10, 1.75], "texture": "#1"},
				"east": {"uv": [0, 0, 0, 5], "texture": "#1"},
				"south": {"uv": [8, 0, 10, 1.75], "texture": "#1"},
				"west": {"uv": [0, 0, 0, 5], "rotation": 180, "texture": "#1"},
				"up": {"uv": [0, 0, 4, 0], "texture": "#1"},
				"down": {"uv": [0, 0, 4, 0], "rotation": 180, "texture": "#1"}
			}
		},
		{
			"name": "Body",
			"from": [3.9, 9, 5.9],
			"to": [12.1, 21, 10.1],
			"faces": {
				"north": {"uv": [9.25, 11.75, 7.25, 8.75], "texture": "#2_1"},
				"east": {"uv": [9.5, 8.25, 10.5, 11.25], "texture": "#2_1"},
				"south": {"uv": [10, 9, 12, 12], "texture": "#2_1"},
				"west": {"uv": [10, 8.25, 11, 11.25], "texture": "#2_1"},
				"up": {"uv": [11.25, 8.75, 13.25, 9.75], "rotation": 180, "texture": "#2_1"},
				"down": {"uv": [12, 0, 16, 2], "rotation": 180, "texture": "#2_1"}
			}
		},
		{
			"name": "Body",
			"from": [4, 9, 6],
			"to": [12, 21, 10],
			"faces": {
				"north": {"uv": [5, 5, 7, 8], "texture": "#2_0"},
				"east": {"uv": [4, 5, 5, 8], "texture": "#2_0"},
				"south": {"uv": [8, 5, 10, 8], "texture": "#2_0"},
				"west": {"uv": [7, 5, 8, 8], "texture": "#2_0"},
				"up": {"uv": [5, 4, 7, 5], "rotation": 180, "texture": "#2_0"},
				"down": {"uv": [7, 4, 9, 5], "rotation": 180, "texture": "#2_0"}
			}
		},
		{
			"name": "R Leg",
			"from": [4, -3, 6],
			"to": [8, 9, 10],
			"faces": {
				"north": {"uv": [2, 9, 1, 12], "texture": "#2_0"},
				"east": {"uv": [3, 9, 2, 12], "texture": "#2_0"},
				"south": {"uv": [1, 9, 0, 12], "texture": "#2_0"},
				"west": {"uv": [3, 9, 4, 12], "texture": "#2_0"},
				"up": {"uv": [1, 8, 2, 9], "rotation": 180, "texture": "#2_0"},
				"down": {"uv": [2, 8, 3, 9], "rotation": 180, "texture": "#2_0"}
			}
		},
		{
			"name": "L Leg",
			"from": [8, -3, 6],
			"to": [12, 9, 10],
			"faces": {
				"north": {"uv": [1, 5, 2, 8], "texture": "#2_0"},
				"east": {"uv": [3, 5, 4, 8], "texture": "#2_0"},
				"south": {"uv": [0, 5, 1, 8], "texture": "#2_0"},
				"west": {"uv": [2, 5, 3, 8], "texture": "#2_0"},
				"up": {"uv": [1, 4, 2, 5], "rotation": 180, "texture": "#2_0"},
				"down": {"uv": [2, 4, 3, 5], "rotation": 180, "texture": "#2_0"}
			}
		}
	],
	"display": {
		"thirdperson_righthand": {
			"rotation": [75, 45, 0],
			"translation": [0, 2.5, 0],
			"scale": [0.375, 0.375, 0.375]
		},
		"thirdperson_lefthand": {
			"rotation": [75, 45, 0],
			"translation": [0, 2.5, 0],
			"scale": [0.375, 0.375, 0.375]
		},
		"firstperson_righthand": {
			"rotation": [0, 111, 0],
			"scale": [0.4, 0.4, 0.4]
		},
		"firstperson_lefthand": {
			"rotation": [0, 132, 0],
			"scale": [0.4, 0.4, 0.4]
		},
		"ground": {
			"translation": [0, 3, 0],
			"scale": [0.25, 0.25, 0.25]
		},
		"gui": {
			"rotation": [30, 225, 0],
			"translation": [0, -2, 0],
			"scale": [0.5, 0.5, 0.5]
		},
		"head": {
			"translation": [0, -27.25, 0],
			"scale": [1.6, 1.6, 1.6]
		},
		"fixed": {
			"scale": [0.5, 0.5, 0.5]
		}
	},
	"groups": [
		{
			"name": "head",
			"children": [0, 1, 2, 3, 4, 5, 6]
		},
		{
			"name": "body",
			"children": [
				{
					"name": "body",
					"children": [7, 8, 9, 10]
				}
			]
		}
	]
}