{
    "parent": "item/generated",
    "textures": {
        "layer0": "item/bucket"
    },
		"overrides": [
		{ "predicate": { "custom_model_data": 10140001 }, "model": "mobs/blight/hit" },
		{ "predicate": { "custom_model_data": 10140002 }, "model": "mobs/cave_golem/hit" },
		{ "predicate": { "custom_model_data": 10140003 }, "model": "mobs/cave_skeleton/hit" },
		{ "predicate": { "custom_model_data": 10140004 }, "model": "mobs/cave_warrior/hit" },
		{ "predicate": { "custom_model_data": 10140005 }, "model": "mobs/cave_zombie/hit" },
		{ "predicate": { "custom_model_data": 10140006 }, "model": "mobs/desert_creeper/hit" },
		{ "predicate": { "custom_model_data": 10140008 }, "model": "mobs/desert_skeleton/hit" },
		{ "predicate": { "custom_model_data": 10140009 }, "model": "mobs/druid/hit" },
		{ "predicate": { "custom_model_data": 10140010 }, "model": "mobs/ent/hit" },
		{ "predicate": { "custom_model_data": 10140011 }, "model": "mobs/ice_creeper/hit" },
		{ "predicate": { "custom_model_data": 10140013 }, "model": "mobs/ice_zombie/hit" },
		{ "predicate": { "custom_model_data": 10140014 }, "model": "mobs/jungle_creeper/hit" },
		{ "predicate": { "custom_model_data": 10140016 }, "model": "mobs/jungle_skeleton/hit" },
		{ "predicate": { "custom_model_data": 10140017 }, "model": "mobs/jungle_zombie/hit" },
		{ "predicate": { "custom_model_data": 10140018 }, "model": "mobs/mummy/hit" },
		{ "predicate": { "custom_model_data": 10140019 }, "model": "mobs/plains_skeleton/hit" },
		{ "predicate": { "custom_model_data": 10140020 }, "model": "mobs/shadow/hit" },
		{ "predicate": { "custom_model_data": 10140021 }, "model": "mobs/soul/hit" },
		{ "predicate": { "custom_model_data": 10140022 }, "model": "mobs/swamp_skeleton/hit" },
		{ "predicate": { "custom_model_data": 10140023 }, "model": "mobs/swamp_zombie/hit" },
		{ "predicate": { "custom_model_data": 10140024 }, "model": "mobs/test/hit" },
		{ "predicate": { "custom_model_data": 10140025 }, "model": "mobs/warlock/hit" },
		{ "predicate": { "custom_model_data": 10140026 }, "model": "mobs/plains_zombie/hit" }
	]
}
