{
    "parent": "item/generated",
    "textures": {
        "layer0": "item/water_bucket"
    },
		"overrides": [
		{ "predicate": { "custom_model_data": 10140001 }, "model": "mobs/blight/wet" },
		{ "predicate": { "custom_model_data": 10140002 }, "model": "mobs/cave_golem/wet" },
		{ "predicate": { "custom_model_data": 10140003 }, "model": "mobs/cave_skeleton/wet" },
		{ "predicate": { "custom_model_data": 10140004 }, "model": "mobs/cave_warrior/wet" },
		{ "predicate": { "custom_model_data": 10140005 }, "model": "mobs/cave_zombie/wet" },
		{ "predicate": { "custom_model_data": 10140006 }, "model": "mobs/desert_creeper/wet" },
		{ "predicate": { "custom_model_data": 10140007 }, "model": "mobs/desert_creeper/wet_f" },
		{ "predicate": { "custom_model_data": 10140008 }, "model": "mobs/desert_skeleton/wet" },
		{ "predicate": { "custom_model_data": 10140009 }, "model": "mobs/druid/wet" },
		{ "predicate": { "custom_model_data": 10140010 }, "model": "mobs/ent/wet" },
		{ "predicate": { "custom_model_data": 10140011 }, "model": "mobs/ice_creeper/wet" },
		{ "predicate": { "custom_model_data": 10140012 }, "model": "mobs/ice_creeper/wet_f" },
		{ "predicate": { "custom_model_data": 10140013 }, "model": "mobs/ice_zombie/wet" },
		{ "predicate": { "custom_model_data": 10140014 }, "model": "mobs/jungle_creeper/wet" },
		{ "predicate": { "custom_model_data": 10140015 }, "model": "mobs/jungle_creeper/wet_f" },
		{ "predicate": { "custom_model_data": 10140016 }, "model": "mobs/jungle_skeleton/wet" },
		{ "predicate": { "custom_model_data": 10140017 }, "model": "mobs/jungle_zombie/wet" },
		{ "predicate": { "custom_model_data": 10140018 }, "model": "mobs/mummy/wet" },
		{ "predicate": { "custom_model_data": 10140019 }, "model": "mobs/plains_skeleton/wet" },
		{ "predicate": { "custom_model_data": 10140020 }, "model": "mobs/shadow/wet" },
		{ "predicate": { "custom_model_data": 10140021 }, "model": "mobs/soul/wet" },
		{ "predicate": { "custom_model_data": 10140022 }, "model": "mobs/swamp_skeleton/wet" },
		{ "predicate": { "custom_model_data": 10140023 }, "model": "mobs/swamp_zombie/wet" },
		{ "predicate": { "custom_model_data": 10140024 }, "model": "mobs/test/wet" },
		{ "predicate": { "custom_model_data": 10140025 }, "model": "mobs/warlock/wet" },
		{ "predicate": { "custom_model_data": 10140026 }, "model": "mobs/plains_zombie/wet" },
		{ "predicate": { "custom_model_data": 10140027 }, "model": "mobs/druid/wet_spell" }
	]
}
