{
	"credit": "Made By BronGhast014 with Blockbench",
	"textures": {
		"1": "mobs/tree",
		"particle": "mobs/tree"
	},
	"elements": [
		{
			"name": "Body",
			"from": [4, 12, 6],
			"to": [12, 21, 10],
			"faces": {
				"north": {"uv": [0.75, 3.75, 3, 6], "texture": "#1"},
				"east": {"uv": [3.25, 4, 4.25, 6.25], "texture": "#1"},
				"south": {"uv": [3, 3.5, 5.25, 5.75], "texture": "#1"},
				"west": {"uv": [0.75, 3.75, 1.75, 6], "texture": "#1"},
				"up": {"uv": [3.75, 5, 6, 6], "texture": "#1"},
				"down": {"uv": [3.75, 5, 6, 6], "texture": "#1"}
			}
		},
		{
			"name": "Body",
			"from": [5, 9, 6.5],
			"to": [11, 12, 9.5],
			"faces": {
				"north": {"uv": [0.75, 5.25, 2.25, 6], "texture": "#1"},
				"east": {"uv": [3, 3.75, 3.75, 4.5], "texture": "#1"},
				"south": {"uv": [3, 4, 4.5, 4.75], "texture": "#1"},
				"west": {"uv": [5.75, 3.5, 6.5, 4.25], "texture": "#1"},
				"up": {"uv": [3.75, 5, 6, 6], "texture": "#1"},
				"down": {"uv": [3.75, 5, 6, 6], "texture": "#1"}
			}
		},
		{
			"name": "R Arm",
			"from": [9, -3, 7],
			"to": [11, 9, 9],
			"faces": {
				"north": {"uv": [3, 3.25, 3.5, 6.25], "texture": "#1"},
				"east": {"uv": [3.5, 0.25, 4, 3.25], "texture": "#1"},
				"south": {"uv": [7.25, 5, 7.75, 8], "texture": "#1"},
				"west": {"uv": [4.25, 4, 4.75, 7], "texture": "#1"},
				"up": {"uv": [0.25, 7.25, 0.75, 7.75], "texture": "#1"},
				"down": {"uv": [13.75, 1.75, 14.25, 2.25], "texture": "#1"}
			}
		},
		{
			"name": "R Arm",
			"from": [5, -3, 7],
			"to": [7, 9, 9],
			"faces": {
				"north": {"uv": [4.5, 1.25, 5, 4.25], "texture": "#1"},
				"east": {"uv": [3.5, 0.25, 4, 3.25], "texture": "#1"},
				"south": {"uv": [0, 1, 0.5, 4], "texture": "#1"},
				"west": {"uv": [0.75, 3.25, 1.25, 6.25], "texture": "#1"},
				"up": {"uv": [0.25, 7.25, 0.75, 7.75], "texture": "#1"},
				"down": {"uv": [13.75, 1.75, 14.25, 2.25], "texture": "#1"}
			}
		}
	],
	"display": {
		"thirdperson_righthand": {
			"rotation": [75, 45, 0],
			"translation": [0, 2.5, 0],
			"scale": [0.375, 0.375, 0.375]
		},
		"thirdperson_lefthand": {
			"rotation": [75, 45, 0],
			"translation": [0, 2.5, 0],
			"scale": [0.375, 0.375, 0.375]
		},
		"firstperson_righthand": {
			"rotation": [0, 111, 0],
			"scale": [0.4, 0.4, 0.4]
		},
		"firstperson_lefthand": {
			"rotation": [0, 132, 0],
			"scale": [0.4, 0.4, 0.4]
		},
		"ground": {
			"translation": [0, 3, 0],
			"scale": [0.25, 0.25, 0.25]
		},
		"gui": {
			"rotation": [30, 225, 0],
			"translation": [0, -2, 0],
			"scale": [0.5, 0.5, 0.5]
		},
		"head": {
			"translation": [0, -63.25, 0],
			"scale": [1.6, 1.6, 1.6]
		},
		"fixed": {
			"scale": [0.5, 0.5, 0.5]
		}
	}
}