{
    "credit": "Made By BronGhast014 with Blockbench", 
    "textures": {
        "main": "mobs/animations/blight"
    }, 
    "elements": [
        {
            "name": "Body", 
            "from": [ 4, 12, 6 ], 
            "to":   [ 12, 21, 10 ], 
            "faces": {
                "north": { "uv": [ 0.375, 1.875, 1.5, 3 ], "texture": "#main" }, 
                "east":  { "uv": [ 1.625, 2, 2.125, 3.125 ], "texture": "#main" }, 
                "south": { "uv": [ 1.5, 1.75, 2.625, 2.875 ], "texture": "#main" }, 
                "west":  { "uv": [ 0.375, 1.875, 0.875, 3 ], "texture": "#main" }, 
                "up":    { "uv": [ 1.875, 2.5, 3, 3 ], "texture": "#main" }, 
                "down":  { "uv": [ 1.875, 2.5, 3, 3 ], "texture": "#main" }
            }
        }, 
        {
            "name": "Body", 
            "from": [ 5, 9, 6.5 ], 
            "to":   [ 11, 12, 9.5 ], 
            "faces": {
                "north": { "uv": [ 0.375, 2.625, 1.125, 3 ], "texture": "#main" }, 
                "east":  { "uv": [ 1.5, 1.875, 1.875, 2.25 ], "texture": "#main" }, 
                "south": { "uv": [ 1.5, 2, 2.25, 2.375 ], "texture": "#main" }, 
                "west":  { "uv": [ 2.875, 1.75, 3.25, 2.125 ], "texture": "#main" }, 
                "up":    { "uv": [ 1.875, 2.5, 3, 3 ], "texture": "#main" }, 
                "down":  { "uv": [ 1.875, 2.5, 3, 3 ], "texture": "#main" }
            }
        }, 
        {
            "name": "R Arm", 
            "from": [ 9, -3, 7 ], 
            "to":   [ 11, 9, 9 ], 
            "rotation": { "angle": -22.5, "axis": "x", "origin": [10, 8, 8] }, 
            "faces": {
                "north": { "uv": [ 1.5, 1.625, 1.75, 3.125 ], "texture": "#main" }, 
                "east":  { "uv": [ 1.75, 0.125, 2, 1.625 ], "texture": "#main" }, 
                "south": { "uv": [ 3.625, 2.5, 3.875, 4 ], "texture": "#main" }, 
                "west":  { "uv": [ 2.125, 2, 2.375, 3.5 ], "texture": "#main" }, 
                "up":    { "uv": [ 0.125, 3.625, 0.375, 3.875 ], "texture": "#main" }, 
                "down":  { "uv": [ 6.875, 0.875, 7.125, 1.125 ], "texture": "#main" }
            }
        }, 
        {
            "name": "R Arm", 
            "from": [ 5, -3, 7 ], 
            "to":   [ 7, 9, 9 ], 
            "rotation": { "angle": 22.5, "axis": "x", "origin": [6, 8, 8] }, 
            "faces": {
                "north": { "uv": [ 2.25, 0.625, 2.5, 2.125 ], "texture": "#main" }, 
                "east":  { "uv": [ 1.75, 0.125, 2, 1.625 ], "texture": "#main" }, 
                "south": { "uv": [ 0, 0.5, 0.25, 2 ], "texture": "#main" }, 
                "west":  { "uv": [ 0.375, 1.625, 0.625, 3.125 ], "texture": "#main" }, 
                "up":    { "uv": [ 0.125, 3.625, 0.375, 3.875 ], "texture": "#main" }, 
                "down":  { "uv": [ 6.875, 0.875, 7.125, 1.125 ], "texture": "#main" }
            }
        }, 
        {
            "name": "Body", 
            "from": [ 4, 12, 6 ], 
            "to":   [ 12, 21, 10 ], 
            "faces": {
                "north": { "uv": [ 8.375, 1.875, 9.5, 3 ], "texture": "#main" }, 
                "east":  { "uv": [ 9.625, 2, 10.125, 3.125 ], "texture": "#main" }, 
                "south": { "uv": [ 9.5, 1.75, 10.625, 2.875 ], "texture": "#main" }, 
                "west":  { "uv": [ 8.375, 1.875, 8.875, 3 ], "texture": "#main" }, 
                "up":    { "uv": [ 9.875, 2.5, 11, 3 ], "texture": "#main" }, 
                "down":  { "uv": [ 9.875, 2.5, 11, 3 ], "texture": "#main" }
            }
        }, 
        {
            "name": "Body", 
            "from": [ 5, 9, 6.5 ], 
            "to":   [ 11, 12, 9.5 ], 
            "faces": {
                "north": { "uv": [ 8.375, 2.625, 9.125, 3 ], "texture": "#main" }, 
                "east":  { "uv": [ 9.5, 1.875, 9.875, 2.25 ], "texture": "#main" }, 
                "south": { "uv": [ 9.5, 2, 10.25, 2.375 ], "texture": "#main" }, 
                "west":  { "uv": [ 10.875, 1.75, 11.25, 2.125 ], "texture": "#main" }, 
                "up":    { "uv": [ 9.875, 2.5, 11, 3 ], "texture": "#main" }, 
                "down":  { "uv": [ 9.875, 2.5, 11, 3 ], "texture": "#main" }
            }
        }, 
        {
            "name": "R Arm", 
            "from": [ 9, -3, 7 ], 
            "to":   [ 11, 9, 9 ], 
            "faces": {
                "north": { "uv": [ 9.5, 1.625, 9.75, 3.125 ], "texture": "#main" }, 
                "east":  { "uv": [ 9.75, 0.125, 10, 1.625 ], "texture": "#main" }, 
                "south": { "uv": [ 11.625, 2.5, 11.875, 4 ], "texture": "#main" }, 
                "west":  { "uv": [ 10.125, 2, 10.375, 3.5 ], "texture": "#main" }, 
                "up":    { "uv": [ 8.125, 3.625, 8.375, 3.875 ], "texture": "#main" }, 
                "down":  { "uv": [ 14.875, 0.875, 15.125, 1.125 ], "texture": "#main" }
            }
        }, 
        {
            "name": "R Arm", 
            "from": [ 5, -3, 7 ], 
            "to":   [ 7, 9, 9 ], 
            "faces": {
                "north": { "uv": [ 10.25, 0.625, 10.5, 2.125 ], "texture": "#main" }, 
                "east":  { "uv": [ 9.75, 0.125, 10, 1.625 ], "texture": "#main" }, 
                "south": { "uv": [ 8, 0.5, 8.25, 2 ], "texture": "#main" }, 
                "west":  { "uv": [ 8.375, 1.625, 8.625, 3.125 ], "texture": "#main" }, 
                "up":    { "uv": [ 8.125, 3.625, 8.375, 3.875 ], "texture": "#main" }, 
                "down":  { "uv": [ 14.875, 0.875, 15.125, 1.125 ], "texture": "#main" }
            }
        }, 
        {
            "name": "Body", 
            "from": [ 4, 12, 6 ], 
            "to":   [ 12, 21, 10 ], 
            "faces": {
                "north": { "uv": [ 0.375, 9.875, 1.5, 11 ], "texture": "#main" }, 
                "east":  { "uv": [ 1.625, 10, 2.125, 11.125 ], "texture": "#main" }, 
                "south": { "uv": [ 1.5, 9.75, 2.625, 10.875 ], "texture": "#main" }, 
                "west":  { "uv": [ 0.375, 9.875, 0.875, 11 ], "texture": "#main" }, 
                "up":    { "uv": [ 1.875, 10.5, 3, 11 ], "texture": "#main" }, 
                "down":  { "uv": [ 1.875, 10.5, 3, 11 ], "texture": "#main" }
            }
        }, 
        {
            "name": "Body", 
            "from": [ 5, 9, 6.5 ], 
            "to":   [ 11, 12, 9.5 ], 
            "faces": {
                "north": { "uv": [ 0.375, 10.625, 1.125, 11 ], "texture": "#main" }, 
                "east":  { "uv": [ 1.5, 9.875, 1.875, 10.25 ], "texture": "#main" }, 
                "south": { "uv": [ 1.5, 10, 2.25, 10.375 ], "texture": "#main" }, 
                "west":  { "uv": [ 2.875, 9.75, 3.25, 10.125 ], "texture": "#main" }, 
                "up":    { "uv": [ 1.875, 10.5, 3, 11 ], "texture": "#main" }, 
                "down":  { "uv": [ 1.875, 10.5, 3, 11 ], "texture": "#main" }
            }
        }, 
        {
            "name": "R Arm", 
            "from": [ 9, -3, 7 ], 
            "to":   [ 11, 9, 9 ], 
            "rotation": { "angle": 22.5, "axis": "x", "origin": [10, 8, 8] }, 
            "faces": {
                "north": { "uv": [ 1.5, 9.625, 1.75, 11.125 ], "texture": "#main" }, 
                "east":  { "uv": [ 1.75, 8.125, 2, 9.625 ], "texture": "#main" }, 
                "south": { "uv": [ 3.625, 10.5, 3.875, 12 ], "texture": "#main" }, 
                "west":  { "uv": [ 2.125, 10, 2.375, 11.5 ], "texture": "#main" }, 
                "up":    { "uv": [ 0.125, 11.625, 0.375, 11.875 ], "texture": "#main" }, 
                "down":  { "uv": [ 6.875, 8.875, 7.125, 9.125 ], "texture": "#main" }
            }
        }, 
        {
            "name": "R Arm", 
            "from": [ 5, -3, 7 ], 
            "to":   [ 7, 9, 9 ], 
            "rotation": { "angle": -22.5, "axis": "x", "origin": [6, 8, 8] }, 
            "faces": {
                "north": { "uv": [ 2.25, 8.625, 2.5, 10.125 ], "texture": "#main" }, 
                "east":  { "uv": [ 1.75, 8.125, 2, 9.625 ], "texture": "#main" }, 
                "south": { "uv": [ 0, 8.5, 0.25, 10 ], "texture": "#main" }, 
                "west":  { "uv": [ 0.375, 9.625, 0.625, 11.125 ], "texture": "#main" }, 
                "up":    { "uv": [ 0.125, 11.625, 0.375, 11.875 ], "texture": "#main" }, 
                "down":  { "uv": [ 6.875, 8.875, 7.125, 9.125 ], "texture": "#main" }
            }
        }
    ], 
    "display": {
        "thirdperson_righthand": {
            "rotation": [ 75, 45, 0 ], 
            "translation": [ 0, 2.5, 0 ], 
            "scale": [ 0.375, 0.375, 0.375 ]
        }, 
        "thirdperson_lefthand": {
            "rotation": [ 75, 45, 0 ], 
            "translation": [ 0, 2.5, 0 ], 
            "scale": [ 0.375, 0.375, 0.375 ]
        }, 
        "firstperson_righthand": {
            "rotation": [ 0, 111, 0 ], 
            "scale": [ 0.4, 0.4, 0.4 ]
        }, 
        "firstperson_lefthand": {
            "rotation": [ 0, 132, 0 ], 
            "scale": [ 0.4, 0.4, 0.4 ]
        }, 
        "ground": {
            "translation": [ 0, 3, 0 ], 
            "scale": [ 0.25, 0.25, 0.25 ]
        }, 
        "gui": {
            "rotation": [ 30, 225, 0 ], 
            "translation": [ 0, -2, 0 ], 
            "scale": [ 0.5, 0.5, 0.5 ]
        }, 
        "head": {
            "translation": [ 0, -63.25, 0 ], 
            "scale": [ 1.6, 1.6, 1.6 ]
        }, 
        "fixed": {
            "scale": [ 0.5, 0.5, 0.5 ]
        }
    }, 
    "__comment": "Model animated using Fizzy's model animator - http://fizzy81.github.io/animated-models/"
}