{
	"credit": "Made By BronGhast014 with Blockbench",
	"textures": {
		"0": "mobs/miskull"
	},
	"elements": [
		{
			"name": "Head",
			"from": [13.1, 20.9, 5.1],
			"to": [18.9, 26.9, 10.9],
			"rotation": {"angle": 22.5, "axis": "y", "origin": [15, 23.9, 8]},
			"faces": {
				"north": {"uv": [8, 4, 4, 8], "texture": "#0"},
				"east": {"uv": [0, 4, 4, 8], "texture": "#0"},
				"south": {"uv": [4, 0, 0, 4], "texture": "#0"},
				"west": {"uv": [8, 4, 12, 8], "texture": "#0"},
				"up": {"uv": [8, 4, 4, 0], "texture": "#0"},
				"down": {"uv": [12, 4, 8, 0], "texture": "#0"}
			}
		},
		{
			"name": "Head",
			"from": [-2.9, 20.9, 5.1],
			"to": [2.9, 26.9, 10.9],
			"rotation": {"angle": -22.5, "axis": "y", "origin": [1, 23.9, 8]},
			"faces": {
				"north": {"uv": [8, 4, 4, 8], "texture": "#0"},
				"east": {"uv": [0, 4, 4, 8], "texture": "#0"},
				"south": {"uv": [4, 0, 0, 4], "texture": "#0"},
				"west": {"uv": [8, 4, 12, 8], "texture": "#0"},
				"up": {"uv": [8, 4, 4, 0], "texture": "#0"},
				"down": {"uv": [12, 4, 8, 0], "texture": "#0"}
			}
		},
		{
			"name": "Head",
			"from": [4.1, 20.9, 4.1],
			"to": [11.9, 28.9, 11.9],
			"faces": {
				"north": {"uv": [8, 4, 4, 8], "texture": "#0"},
				"east": {"uv": [0, 4, 4, 8], "texture": "#0"},
				"south": {"uv": [4, 0, 0, 4], "texture": "#0"},
				"west": {"uv": [8, 4, 12, 8], "texture": "#0"},
				"up": {"uv": [8, 4, 4, 0], "texture": "#0"},
				"down": {"uv": [12, 4, 8, 0], "texture": "#0"}
			}
		},
		{
			"name": "Body",
			"from": [1.5, 19, 10.2],
			"to": [14.5, 21, 11.2],
			"faces": {
				"north": {"uv": [13.5, 2, 14.5, 8], "rotation": 270, "texture": "#0"},
				"east": {"uv": [13.5, 2.5, 14.5, 3], "rotation": 270, "texture": "#0"},
				"south": {"uv": [13.5, 2, 14.5, 8], "rotation": 90, "texture": "#0"},
				"west": {"uv": [13.5, 7.5, 14.5, 8], "rotation": 270, "texture": "#0"},
				"up": {"uv": [13.5, 2, 14, 8], "rotation": 270, "texture": "#0"},
				"down": {"uv": [14, 2, 14.5, 8], "rotation": 90, "texture": "#0"}
			}
		},
		{
			"name": "L Leg",
			"from": [9, -3, 7],
			"to": [11, 3, 9],
			"faces": {
				"north": {"uv": [1, 12, 2, 15], "texture": "#0"},
				"east": {"uv": [2, 12, 3, 15], "texture": "#0"},
				"south": {"uv": [3, 12, 4, 15], "texture": "#0"},
				"west": {"uv": [0, 12, 1, 15], "texture": "#0"},
				"up": {"uv": [1, 8, 2, 9], "texture": "#0"},
				"down": {"uv": [5, 8, 6, 9], "texture": "#0"}
			}
		},
		{
			"name": "L Leg",
			"from": [9, 3, 7],
			"to": [11, 9, 9],
			"faces": {
				"north": {"uv": [1, 9, 2, 12], "texture": "#0"},
				"east": {"uv": [2, 9, 3, 12], "texture": "#0"},
				"south": {"uv": [3, 9, 4, 12], "texture": "#0"},
				"west": {"uv": [0, 9, 1, 12], "texture": "#0"},
				"up": {"uv": [2, 8, 3, 9], "texture": "#0"},
				"down": {"uv": [1, 8, 2, 9], "texture": "#0"}
			}
		},
		{
			"name": "R Leg",
			"from": [5, -3, 7],
			"to": [7, 3, 9],
			"faces": {
				"north": {"uv": [3, 12, 4, 15], "texture": "#0"},
				"east": {"uv": [1, 12, 2, 15], "texture": "#0"},
				"south": {"uv": [0, 12, 1, 15], "texture": "#0"},
				"west": {"uv": [2, 12, 3, 15], "texture": "#0"},
				"up": {"uv": [6, 8, 7, 9], "texture": "#0"},
				"down": {"uv": [6, 8, 7, 9], "texture": "#0"}
			}
		},
		{
			"name": "R Leg",
			"from": [5, 3, 7],
			"to": [7, 9, 9],
			"faces": {
				"north": {"uv": [3, 9, 4, 12], "texture": "#0"},
				"east": {"uv": [0, 9, 1, 12], "texture": "#0"},
				"south": {"uv": [1, 9, 2, 12], "texture": "#0"},
				"west": {"uv": [2, 9, 3, 12], "texture": "#0"},
				"up": {"uv": [2, 8, 3, 9], "texture": "#0"},
				"down": {"uv": [7, 12, 8, 15], "texture": "#0"}
			}
		},
		{
			"name": "Body",
			"from": [4, 9, 6],
			"to": [12, 21, 10],
			"faces": {
				"north": {"uv": [10, 10, 14, 16], "texture": "#0"},
				"east": {"uv": [14, 10, 16, 16], "texture": "#0"},
				"south": {"uv": [12, 2, 16, 8], "texture": "#0"},
				"west": {"uv": [8, 10, 10, 16], "texture": "#0"},
				"up": {"uv": [11.25, 8.75, 13.25, 9.75], "rotation": 180, "texture": "#0"},
				"down": {"uv": [12, 0, 16, 2], "rotation": 180, "texture": "#0"}
			}
		},
		{
			"name": "Body",
			"from": [7, 10, 10],
			"to": [9, 21, 11],
			"faces": {
				"north": {"uv": [13.5, 2, 14.5, 7.5], "texture": "#0"},
				"east": {"uv": [14, 2, 14.5, 7.5], "texture": "#0"},
				"south": {"uv": [13.5, 2, 14.5, 7.5], "texture": "#0"},
				"west": {"uv": [13.5, 2, 14, 7.5], "texture": "#0"},
				"up": {"uv": [13.5, 2.5, 14.5, 3], "rotation": 180, "texture": "#0"},
				"down": {"uv": [13.5, 7.5, 14.5, 8], "rotation": 180, "texture": "#0"}
			}
		},
		{
			"from": [7.5, 18, 11],
			"to": [8.5, 20, 12],
			"faces": {
				"north": {"uv": [4, 9.5, 4.5, 10.5], "texture": "#0"},
				"east": {"uv": [4, 9.5, 4.5, 10.5], "texture": "#0"},
				"south": {"uv": [4, 9.5, 4.5, 10.5], "texture": "#0"},
				"west": {"uv": [4, 9.5, 4.5, 10.5], "texture": "#0"},
				"up": {"uv": [4, 9.5, 4.5, 10.5], "texture": "#0"},
				"down": {"uv": [4, 9.5, 4.5, 10.5], "texture": "#0"}
			}
		},
		{
			"from": [7.5, 15, 11],
			"to": [8.5, 17, 12],
			"faces": {
				"north": {"uv": [4, 9.5, 4.5, 10.5], "texture": "#0"},
				"east": {"uv": [4, 9.5, 4.5, 10.5], "texture": "#0"},
				"south": {"uv": [4, 9.5, 4.5, 10.5], "texture": "#0"},
				"west": {"uv": [4, 9.5, 4.5, 10.5], "texture": "#0"},
				"up": {"uv": [4, 9.5, 4.5, 10.5], "texture": "#0"},
				"down": {"uv": [4, 9.5, 4.5, 10.5], "texture": "#0"}
			}
		},
		{
			"from": [7.5, 12, 11],
			"to": [8.5, 14, 12],
			"faces": {
				"north": {"uv": [4, 9.5, 4.5, 10.5], "texture": "#0"},
				"east": {"uv": [4, 9.5, 4.5, 10.5], "texture": "#0"},
				"south": {"uv": [4, 9.5, 4.5, 10.5], "texture": "#0"},
				"west": {"uv": [4, 9.5, 4.5, 10.5], "texture": "#0"},
				"up": {"uv": [4, 9.5, 4.5, 10.5], "texture": "#0"},
				"down": {"uv": [4, 9.5, 4.5, 10.5], "texture": "#0"}
			}
		},
		{
			"from": [7.5, 8.75, 10.5],
			"to": [8.5, 10.75, 11.5],
			"rotation": {"angle": 22.5, "axis": "x", "origin": [8, 10, 11.5]},
			"faces": {
				"north": {"uv": [4, 9.5, 4.5, 10.5], "texture": "#0"},
				"east": {"uv": [4, 9.5, 4.5, 10.5], "texture": "#0"},
				"south": {"uv": [4, 9.5, 4.5, 10.5], "texture": "#0"},
				"west": {"uv": [4, 9.5, 4.5, 10.5], "texture": "#0"},
				"up": {"uv": [4, 9.5, 4.5, 10.5], "texture": "#0"},
				"down": {"uv": [4, 9.5, 4.5, 10.5], "texture": "#0"}
			}
		},
		{
			"name": "L Arm",
			"from": [12, 9, 7],
			"to": [14, 21, 9],
			"faces": {
				"north": {"uv": [4.5, 9, 5.5, 15], "texture": "#0"},
				"east": {"uv": [5.5, 9, 6.5, 15], "texture": "#0"},
				"south": {"uv": [5.5, 9, 6.5, 15], "texture": "#0"},
				"west": {"uv": [5.5, 9, 6.5, 15], "texture": "#0"},
				"up": {"uv": [6, 8, 7, 9], "texture": "#0"},
				"down": {"uv": [1, 8, 2, 9], "texture": "#0"}
			}
		},
		{
			"name": "R Arm",
			"from": [2, 9, 7],
			"to": [4, 21, 9],
			"faces": {
				"north": {"uv": [4.5, 9, 5.5, 15], "texture": "#0"},
				"east": {"uv": [5, 9, 6, 15], "texture": "#0"},
				"south": {"uv": [6, 9, 7, 15], "texture": "#0"},
				"west": {"uv": [5, 9, 6, 15], "texture": "#0"},
				"up": {"uv": [5, 8, 6, 9], "texture": "#0"},
				"down": {"uv": [1, 8, 2, 9], "texture": "#0"}
			}
		}
	],
	"display": {
		"thirdperson_righthand": {
			"rotation": [75, 45, 0],
			"translation": [0, 2.5, 0],
			"scale": [0.375, 0.375, 0.375]
		},
		"thirdperson_lefthand": {
			"rotation": [75, 45, 0],
			"translation": [0, 2.5, 0],
			"scale": [0.375, 0.375, 0.375]
		},
		"firstperson_righthand": {
			"rotation": [0, 111, 0],
			"scale": [0.4, 0.4, 0.4]
		},
		"firstperson_lefthand": {
			"rotation": [0, 132, 0],
			"scale": [0.4, 0.4, 0.4]
		},
		"ground": {
			"translation": [0, 3, 0],
			"scale": [0.25, 0.25, 0.25]
		},
		"gui": {
			"rotation": [30, 225, 0],
			"translation": [0, -2, 0],
			"scale": [0.5, 0.5, 0.5]
		},
		"head": {
			"translation": [0, -27.25, 0],
			"scale": [1.6, 1.6, 1.6]
		},
		"fixed": {
			"scale": [0.5, 0.5, 0.5]
		}
	},
	"groups": [
		{
			"name": "head",
			"children": [0, 1, 2, 3]
		},
		{
			"name": "body",
			"children": [
				{
					"name": "LL",
					"children": [4, 5]
				},
				{
					"name": "RL",
					"children": [6, 7]
				}, 8, 9, 10, 11, 12, 13]
		}, 14, 15]
}