{
	"credit": "Made By BronGhast014 with Blockbench",
	"textures": {
		"0": "mobs/golem_skin",
		"particle": "mobs/golem_skin"
	},
	"elements": [
		{
			"name": "head",
			"from": [3, 22, -1],
			"to": [13, 32, 6],
			"faces": {
				"north": {"uv": [1.75, 1.75, 4.25, 4.25], "texture": "#0"},
				"east": {"uv": [0, 1.75, 1.75, 4.25], "texture": "#0"},
				"south": {"uv": [4.25, 12.5, 6.75, 15], "texture": "#0"},
				"west": {"uv": [4.25, 1.75, 6, 4.25], "texture": "#0"},
				"up": {"uv": [1.75, 0, 4.25, 1.75], "texture": "#0"},
				"down": {"uv": [1.75, 0, 4.25, 1.75], "texture": "#0"}
			}
		}
	],
	"display": {
		"head": {
			"translation": [0, -33, 0],
			"scale": [1.8, 1.8, 1.8]
		}
	}
}