{
	"credit": "Made By BronGhast014 with Blockbench",
	"textures": {
		"0": "mobs/golem_skin",
		"particle": "mobs/golem_skin"
	},
	"elements": [
		{
			"name": "r arm",
			"from": [16, 4, 6],
			"to": [24, 32, 14],
			"faces": {
				"north": {"uv": [10, 0, 12, 7], "texture": "#0"},
				"east": {"uv": [8, 0, 10, 7], "texture": "#0"},
				"south": {"uv": [14, 0, 16, 7], "texture": "#0"},
				"west": {"uv": [12, 0, 14, 7], "texture": "#0"},
				"up": {"uv": [14, 7, 16, 9], "texture": "#0"},
				"down": {"uv": [12, 7, 14, 9], "texture": "#0"}
			}
		}
	],
	"display": {
		"thirdperson_righthand": {
			"rotation": [90, 0, 0],
			"translation": [-5, -2, -3]
		},
		"head": {
			"translation": [0, -20.75, 0],
			"scale": [1.8, 1.8, 1.8]
		}
	}
}