{
	"credit": "Made By BronGhast014 with Blockbench",
	"textures": {
		"0": "mobs/desert_skeleton_hurt",
		"4": "mobs/weapons/desert_bow_pull",
		"particle": "mobs/weapons/desert_bow_pull"
	},
	"elements": [
		{
			"name": "L Arm",
			"from": [12, 9, 7],
			"to": [14, 21, 9],
			"faces": {
				"north": {"uv": [4.5, 9, 5.5, 15], "texture": "#0"},
				"east": {"uv": [5.5, 9, 6.5, 15], "texture": "#0"},
				"south": {"uv": [5.5, 9, 6.5, 15], "texture": "#0"},
				"west": {"uv": [5.5, 9, 6.5, 15], "texture": "#0"},
				"up": {"uv": [6, 8, 7, 9], "texture": "#0"},
				"down": {"uv": [1, 8, 2, 9], "texture": "#0"}
			}
		},
		{
			"name": "voxel",
			"from": [11.5, 5.6, 15.55],
			"to": [12.5, 6.6, 16.55],
			"rotation": {"angle": -45, "axis": "x", "origin": [12, 11.65, 6.51]},
			"faces": {
				"north": {"uv": [0.25, 0.25, 0.75, 0.75], "rotation": 270, "texture": "#4"},
				"east": {"uv": [0.25, 0.25, 0.75, 0.75], "rotation": 90, "texture": "#4"},
				"south": {"uv": [0.25, 0.25, 0.75, 0.75], "rotation": 270, "texture": "#4"},
				"west": {"uv": [0.25, 0.25, 0.75, 0.75], "rotation": 270, "texture": "#4"},
				"up": {"uv": [0.25, 0.25, 0.75, 0.75], "texture": "#4"},
				"down": {"uv": [0.25, 0.25, 0.75, 0.75], "rotation": 180, "texture": "#4"}
			}
		},
		{
			"name": "voxel",
			"from": [11.5, 4.6, 8.55],
			"to": [12.5, 5.6, 15.55],
			"rotation": {"angle": -45, "axis": "x", "origin": [12, 11.65, 6.51]},
			"faces": {
				"north": {"uv": [1.25, 0.25, 1.75, 0.75], "rotation": 270, "texture": "#4"},
				"east": {"uv": [1.25, 0.25, 1.75, 0.75], "rotation": 90, "texture": "#4"},
				"south": {"uv": [1.25, 0.25, 1.75, 0.75], "rotation": 270, "texture": "#4"},
				"west": {"uv": [1.25, 0.25, 1.75, 0.75], "rotation": 270, "texture": "#4"},
				"up": {"uv": [1.25, 0.25, 1.75, 0.75], "texture": "#4"},
				"down": {"uv": [1.25, 0.25, 1.75, 0.75], "rotation": 180, "texture": "#4"}
			}
		},
		{
			"name": "voxel",
			"from": [11.5, 5.6, 14.55],
			"to": [12.5, 6.6, 15.55],
			"rotation": {"angle": -45, "axis": "x", "origin": [12, 11.65, 6.51]},
			"faces": {
				"north": {"uv": [2.25, 0.25, 2.75, 0.75], "rotation": 270, "texture": "#4"},
				"east": {"uv": [2.25, 0.25, 2.75, 0.75], "rotation": 90, "texture": "#4"},
				"south": {"uv": [2.25, 0.25, 2.75, 0.75], "rotation": 270, "texture": "#4"},
				"west": {"uv": [2.25, 0.25, 2.75, 0.75], "rotation": 270, "texture": "#4"},
				"up": {"uv": [2.25, 0.25, 2.75, 0.75], "texture": "#4"},
				"down": {"uv": [2.25, 0.25, 2.75, 0.75], "rotation": 180, "texture": "#4"}
			}
		},
		{
			"name": "voxel",
			"from": [11.5, 6.6, 8.55],
			"to": [12.5, 7.6, 15.55],
			"rotation": {"angle": -45, "axis": "x", "origin": [12, 11.65, 6.51]},
			"faces": {
				"north": {"uv": [0.25, 0.25, 0.75, 0.75], "rotation": 270, "texture": "#4"},
				"east": {"uv": [0.25, 0.25, 0.75, 0.75], "rotation": 90, "texture": "#4"},
				"south": {"uv": [0.25, 0.25, 0.75, 0.75], "rotation": 270, "texture": "#4"},
				"west": {"uv": [0.25, 0.25, 0.75, 0.75], "rotation": 270, "texture": "#4"},
				"up": {"uv": [0.25, 0.25, 0.75, 0.75], "texture": "#4"},
				"down": {"uv": [0.25, 0.25, 0.75, 0.75], "rotation": 180, "texture": "#4"}
			}
		},
		{
			"name": "voxel",
			"from": [11.5, 7.6, 14.55],
			"to": [12.5, 9.6, 15.55],
			"rotation": {"angle": -45, "axis": "x", "origin": [12, 11.65, 6.51]},
			"faces": {
				"north": {"uv": [3.25, 0.25, 3.75, 0.75], "rotation": 270, "texture": "#4"},
				"east": {"uv": [3.25, 0.25, 3.75, 0.75], "rotation": 90, "texture": "#4"},
				"south": {"uv": [3.25, 0.25, 3.75, 0.75], "rotation": 270, "texture": "#4"},
				"west": {"uv": [3.25, 0.25, 3.75, 0.75], "rotation": 270, "texture": "#4"},
				"up": {"uv": [3.25, 0.25, 3.75, 0.75], "texture": "#4"},
				"down": {"uv": [3.25, 0.25, 3.75, 0.75], "rotation": 180, "texture": "#4"}
			}
		},
		{
			"name": "voxel",
			"from": [11.5, 5.6, 13.55],
			"to": [12.5, 6.6, 14.55],
			"rotation": {"angle": -45, "axis": "x", "origin": [12, 11.65, 6.51]},
			"faces": {
				"north": {"uv": [4.25, 0.25, 4.75, 0.75], "rotation": 270, "texture": "#4"},
				"east": {"uv": [4.25, 0.25, 4.75, 0.75], "rotation": 90, "texture": "#4"},
				"south": {"uv": [4.25, 0.25, 4.75, 0.75], "rotation": 270, "texture": "#4"},
				"west": {"uv": [4.25, 0.25, 4.75, 0.75], "rotation": 270, "texture": "#4"},
				"up": {"uv": [4.25, 0.25, 4.75, 0.75], "texture": "#4"},
				"down": {"uv": [4.25, 0.25, 4.75, 0.75], "rotation": 180, "texture": "#4"}
			}
		},
		{
			"name": "voxel",
			"from": [11.5, 9.6, 13.55],
			"to": [12.5, 13.6, 14.55],
			"rotation": {"angle": -45, "axis": "x", "origin": [12, 11.65, 6.51]},
			"faces": {
				"north": {"uv": [3.25, 0.25, 3.75, 0.75], "rotation": 270, "texture": "#4"},
				"east": {"uv": [3.25, 0.25, 3.75, 0.75], "rotation": 90, "texture": "#4"},
				"south": {"uv": [3.25, 0.25, 3.75, 0.75], "rotation": 270, "texture": "#4"},
				"west": {"uv": [3.25, 0.25, 3.75, 0.75], "rotation": 270, "texture": "#4"},
				"up": {"uv": [3.25, 0.25, 3.75, 0.75], "texture": "#4"},
				"down": {"uv": [3.25, 0.25, 3.75, 0.75], "rotation": 180, "texture": "#4"}
			}
		},
		{
			"name": "voxel",
			"from": [11.5, 5.6, 10.55],
			"to": [12.5, 6.6, 13.55],
			"rotation": {"angle": -45, "axis": "x", "origin": [12, 11.65, 6.51]},
			"faces": {
				"north": {"uv": [2.25, 0.25, 2.75, 0.75], "rotation": 270, "texture": "#4"},
				"east": {"uv": [2.25, 0.25, 2.75, 0.75], "rotation": 90, "texture": "#4"},
				"south": {"uv": [2.25, 0.25, 2.75, 0.75], "rotation": 270, "texture": "#4"},
				"west": {"uv": [2.25, 0.25, 2.75, 0.75], "rotation": 270, "texture": "#4"},
				"up": {"uv": [2.25, 0.25, 2.75, 0.75], "texture": "#4"},
				"down": {"uv": [2.25, 0.25, 2.75, 0.75], "rotation": 180, "texture": "#4"}
			}
		},
		{
			"name": "voxel",
			"from": [11.5, 13.6, 12.55],
			"to": [12.5, 14.6, 13.55],
			"rotation": {"angle": -45, "axis": "x", "origin": [12, 11.65, 6.51]},
			"faces": {
				"north": {"uv": [3.25, 0.25, 3.75, 0.75], "rotation": 270, "texture": "#4"},
				"east": {"uv": [3.25, 0.25, 3.75, 0.75], "rotation": 90, "texture": "#4"},
				"south": {"uv": [3.25, 0.25, 3.75, 0.75], "rotation": 270, "texture": "#4"},
				"west": {"uv": [3.25, 0.25, 3.75, 0.75], "rotation": 270, "texture": "#4"},
				"up": {"uv": [3.25, 0.25, 3.75, 0.75], "texture": "#4"},
				"down": {"uv": [3.25, 0.25, 3.75, 0.75], "rotation": 180, "texture": "#4"}
			}
		},
		{
			"name": "voxel",
			"from": [11.5, 13.6, 11.55],
			"to": [12.5, 14.6, 12.55],
			"rotation": {"angle": -45, "axis": "x", "origin": [12, 11.65, 6.51]},
			"faces": {
				"north": {"uv": [0.25, 0.25, 0.75, 0.75], "rotation": 270, "texture": "#4"},
				"east": {"uv": [0.25, 0.25, 0.75, 0.75], "rotation": 90, "texture": "#4"},
				"south": {"uv": [0.25, 0.25, 0.75, 0.75], "rotation": 270, "texture": "#4"},
				"west": {"uv": [0.25, 0.25, 0.75, 0.75], "rotation": 270, "texture": "#4"},
				"up": {"uv": [0.25, 0.25, 0.75, 0.75], "texture": "#4"},
				"down": {"uv": [0.25, 0.25, 0.75, 0.75], "rotation": 180, "texture": "#4"}
			}
		},
		{
			"name": "voxel",
			"from": [11.5, 14.6, 11.55],
			"to": [12.5, 15.6, 12.55],
			"rotation": {"angle": -45, "axis": "x", "origin": [12, 11.65, 6.51]},
			"faces": {
				"north": {"uv": [2.25, 0.25, 2.75, 0.75], "rotation": 270, "texture": "#4"},
				"east": {"uv": [2.25, 0.25, 2.75, 0.75], "rotation": 90, "texture": "#4"},
				"south": {"uv": [2.25, 0.25, 2.75, 0.75], "rotation": 270, "texture": "#4"},
				"west": {"uv": [2.25, 0.25, 2.75, 0.75], "rotation": 270, "texture": "#4"},
				"up": {"uv": [2.25, 0.25, 2.75, 0.75], "texture": "#4"},
				"down": {"uv": [2.25, 0.25, 2.75, 0.75], "rotation": 180, "texture": "#4"}
			}
		},
		{
			"name": "voxel",
			"from": [11.5, 12.6, 10.55],
			"to": [12.5, 13.6, 11.55],
			"rotation": {"angle": -45, "axis": "x", "origin": [12, 11.65, 6.51]},
			"faces": {
				"north": {"uv": [0.25, 0.25, 0.75, 0.75], "rotation": 270, "texture": "#4"},
				"east": {"uv": [0.25, 0.25, 0.75, 0.75], "rotation": 90, "texture": "#4"},
				"south": {"uv": [0.25, 0.25, 0.75, 0.75], "rotation": 270, "texture": "#4"},
				"west": {"uv": [0.25, 0.25, 0.75, 0.75], "rotation": 270, "texture": "#4"},
				"up": {"uv": [0.25, 0.25, 0.75, 0.75], "texture": "#4"},
				"down": {"uv": [0.25, 0.25, 0.75, 0.75], "rotation": 180, "texture": "#4"}
			}
		},
		{
			"name": "voxel",
			"from": [11.5, 13.6, 10.55],
			"to": [12.5, 14.6, 11.55],
			"rotation": {"angle": -45, "axis": "x", "origin": [12, 11.65, 6.51]},
			"faces": {
				"north": {"uv": [2.25, 0.25, 2.75, 0.75], "rotation": 270, "texture": "#4"},
				"east": {"uv": [2.25, 0.25, 2.75, 0.75], "rotation": 90, "texture": "#4"},
				"south": {"uv": [2.25, 0.25, 2.75, 0.75], "rotation": 270, "texture": "#4"},
				"west": {"uv": [2.25, 0.25, 2.75, 0.75], "rotation": 270, "texture": "#4"},
				"up": {"uv": [2.25, 0.25, 2.75, 0.75], "texture": "#4"},
				"down": {"uv": [2.25, 0.25, 2.75, 0.75], "rotation": 180, "texture": "#4"}
			}
		},
		{
			"name": "voxel",
			"from": [11.5, 15.6, 7.55],
			"to": [12.5, 16.6, 11.55],
			"rotation": {"angle": -45, "axis": "x", "origin": [12, 11.65, 6.51]},
			"faces": {
				"north": {"uv": [3.25, 0.25, 3.75, 0.75], "rotation": 270, "texture": "#4"},
				"east": {"uv": [3.25, 0.25, 3.75, 0.75], "rotation": 90, "texture": "#4"},
				"south": {"uv": [3.25, 0.25, 3.75, 0.75], "rotation": 270, "texture": "#4"},
				"west": {"uv": [3.25, 0.25, 3.75, 0.75], "rotation": 270, "texture": "#4"},
				"up": {"uv": [3.25, 0.25, 3.75, 0.75], "texture": "#4"},
				"down": {"uv": [3.25, 0.25, 3.75, 0.75], "rotation": 180, "texture": "#4"}
			}
		},
		{
			"name": "voxel",
			"from": [11.5, 5.6, 9.55],
			"to": [12.5, 6.6, 10.55],
			"rotation": {"angle": -45, "axis": "x", "origin": [12, 11.65, 6.51]},
			"faces": {
				"north": {"uv": [4.25, 0.25, 4.75, 0.75], "rotation": 270, "texture": "#4"},
				"east": {"uv": [4.25, 0.25, 4.75, 0.75], "rotation": 90, "texture": "#4"},
				"south": {"uv": [4.25, 0.25, 4.75, 0.75], "rotation": 270, "texture": "#4"},
				"west": {"uv": [4.25, 0.25, 4.75, 0.75], "rotation": 270, "texture": "#4"},
				"up": {"uv": [4.25, 0.25, 4.75, 0.75], "texture": "#4"},
				"down": {"uv": [4.25, 0.25, 4.75, 0.75], "rotation": 180, "texture": "#4"}
			}
		},
		{
			"name": "voxel",
			"from": [11.5, 11.6, 9.55],
			"to": [12.5, 12.6, 10.55],
			"rotation": {"angle": -45, "axis": "x", "origin": [12, 11.65, 6.51]},
			"faces": {
				"north": {"uv": [0.25, 0.25, 0.75, 0.75], "rotation": 270, "texture": "#4"},
				"east": {"uv": [0.25, 0.25, 0.75, 0.75], "rotation": 90, "texture": "#4"},
				"south": {"uv": [0.25, 0.25, 0.75, 0.75], "rotation": 270, "texture": "#4"},
				"west": {"uv": [0.25, 0.25, 0.75, 0.75], "rotation": 270, "texture": "#4"},
				"up": {"uv": [0.25, 0.25, 0.75, 0.75], "texture": "#4"},
				"down": {"uv": [0.25, 0.25, 0.75, 0.75], "rotation": 180, "texture": "#4"}
			}
		},
		{
			"name": "voxel",
			"from": [11.5, 12.6, 9.55],
			"to": [12.5, 13.6, 10.55],
			"rotation": {"angle": -45, "axis": "x", "origin": [12, 11.65, 6.51]},
			"faces": {
				"north": {"uv": [2.25, 0.25, 2.75, 0.75], "rotation": 270, "texture": "#4"},
				"east": {"uv": [2.25, 0.25, 2.75, 0.75], "rotation": 90, "texture": "#4"},
				"south": {"uv": [2.25, 0.25, 2.75, 0.75], "rotation": 270, "texture": "#4"},
				"west": {"uv": [2.25, 0.25, 2.75, 0.75], "rotation": 270, "texture": "#4"},
				"up": {"uv": [2.25, 0.25, 2.75, 0.75], "texture": "#4"},
				"down": {"uv": [2.25, 0.25, 2.75, 0.75], "rotation": 180, "texture": "#4"}
			}
		},
		{
			"name": "voxel",
			"from": [11.5, 5.6, 8.55],
			"to": [12.5, 6.6, 9.55],
			"rotation": {"angle": -45, "axis": "x", "origin": [12, 11.65, 6.51]},
			"faces": {
				"north": {"uv": [2.25, 0.25, 2.75, 0.75], "rotation": 270, "texture": "#4"},
				"east": {"uv": [2.25, 0.25, 2.75, 0.75], "rotation": 90, "texture": "#4"},
				"south": {"uv": [2.25, 0.25, 2.75, 0.75], "rotation": 270, "texture": "#4"},
				"west": {"uv": [2.25, 0.25, 2.75, 0.75], "rotation": 270, "texture": "#4"},
				"up": {"uv": [2.25, 0.25, 2.75, 0.75], "texture": "#4"},
				"down": {"uv": [2.25, 0.25, 2.75, 0.75], "rotation": 180, "texture": "#4"}
			}
		},
		{
			"name": "voxel",
			"from": [11.5, 10.6, 8.55],
			"to": [12.5, 11.6, 9.55],
			"rotation": {"angle": -45, "axis": "x", "origin": [12, 11.65, 6.51]},
			"faces": {
				"north": {"uv": [0.25, 0.25, 0.75, 0.75], "rotation": 270, "texture": "#4"},
				"east": {"uv": [0.25, 0.25, 0.75, 0.75], "rotation": 90, "texture": "#4"},
				"south": {"uv": [0.25, 0.25, 0.75, 0.75], "rotation": 270, "texture": "#4"},
				"west": {"uv": [0.25, 0.25, 0.75, 0.75], "rotation": 270, "texture": "#4"},
				"up": {"uv": [0.25, 0.25, 0.75, 0.75], "texture": "#4"},
				"down": {"uv": [0.25, 0.25, 0.75, 0.75], "rotation": 180, "texture": "#4"}
			}
		},
		{
			"name": "voxel",
			"from": [11.5, 11.6, 8.55],
			"to": [12.5, 12.6, 9.55],
			"rotation": {"angle": -45, "axis": "x", "origin": [12, 11.65, 6.51]},
			"faces": {
				"north": {"uv": [2.25, 0.25, 2.75, 0.75], "rotation": 270, "texture": "#4"},
				"east": {"uv": [2.25, 0.25, 2.75, 0.75], "rotation": 90, "texture": "#4"},
				"south": {"uv": [2.25, 0.25, 2.75, 0.75], "rotation": 270, "texture": "#4"},
				"west": {"uv": [2.25, 0.25, 2.75, 0.75], "rotation": 270, "texture": "#4"},
				"up": {"uv": [2.25, 0.25, 2.75, 0.75], "texture": "#4"},
				"down": {"uv": [2.25, 0.25, 2.75, 0.75], "rotation": 180, "texture": "#4"}
			}
		},
		{
			"name": "voxel",
			"from": [11.5, 5.6, 6.55],
			"to": [12.5, 6.6, 8.55],
			"rotation": {"angle": -45, "axis": "x", "origin": [12, 11.65, 6.51]},
			"faces": {
				"north": {"uv": [1.25, 0.25, 1.75, 0.75], "rotation": 270, "texture": "#4"},
				"east": {"uv": [1.25, 0.25, 1.75, 0.75], "rotation": 90, "texture": "#4"},
				"south": {"uv": [1.25, 0.25, 1.75, 0.75], "rotation": 270, "texture": "#4"},
				"west": {"uv": [1.25, 0.25, 1.75, 0.75], "rotation": 270, "texture": "#4"},
				"up": {"uv": [1.25, 0.25, 1.75, 0.75], "texture": "#4"},
				"down": {"uv": [1.25, 0.25, 1.75, 0.75], "rotation": 180, "texture": "#4"}
			}
		},
		{
			"name": "voxel",
			"from": [11.5, 6.6, 7.55],
			"to": [12.5, 7.6, 8.55],
			"rotation": {"angle": -45, "axis": "x", "origin": [12, 11.65, 6.51]},
			"faces": {
				"north": {"uv": [4.25, 0.25, 4.75, 0.75], "rotation": 270, "texture": "#4"},
				"east": {"uv": [4.25, 0.25, 4.75, 0.75], "rotation": 90, "texture": "#4"},
				"south": {"uv": [4.25, 0.25, 4.75, 0.75], "rotation": 270, "texture": "#4"},
				"west": {"uv": [4.25, 0.25, 4.75, 0.75], "rotation": 270, "texture": "#4"},
				"up": {"uv": [4.25, 0.25, 4.75, 0.75], "texture": "#4"},
				"down": {"uv": [4.25, 0.25, 4.75, 0.75], "rotation": 180, "texture": "#4"}
			}
		},
		{
			"name": "voxel",
			"from": [11.5, 7.6, 7.55],
			"to": [12.5, 8.6, 8.55],
			"rotation": {"angle": -45, "axis": "x", "origin": [12, 11.65, 6.51]},
			"faces": {
				"north": {"uv": [5.25, 0.25, 5.75, 0.75], "rotation": 270, "texture": "#4"},
				"east": {"uv": [5.25, 0.25, 5.75, 0.75], "rotation": 90, "texture": "#4"},
				"south": {"uv": [5.25, 0.25, 5.75, 0.75], "rotation": 270, "texture": "#4"},
				"west": {"uv": [5.25, 0.25, 5.75, 0.75], "rotation": 270, "texture": "#4"},
				"up": {"uv": [5.25, 0.25, 5.75, 0.75], "texture": "#4"},
				"down": {"uv": [5.25, 0.25, 5.75, 0.75], "rotation": 180, "texture": "#4"}
			}
		},
		{
			"name": "voxel",
			"from": [11.5, 9.6, 7.55],
			"to": [12.5, 10.6, 8.55],
			"rotation": {"angle": -45, "axis": "x", "origin": [12, 11.65, 6.51]},
			"faces": {
				"north": {"uv": [0.25, 0.25, 0.75, 0.75], "rotation": 270, "texture": "#4"},
				"east": {"uv": [0.25, 0.25, 0.75, 0.75], "rotation": 90, "texture": "#4"},
				"south": {"uv": [0.25, 0.25, 0.75, 0.75], "rotation": 270, "texture": "#4"},
				"west": {"uv": [0.25, 0.25, 0.75, 0.75], "rotation": 270, "texture": "#4"},
				"up": {"uv": [0.25, 0.25, 0.75, 0.75], "texture": "#4"},
				"down": {"uv": [0.25, 0.25, 0.75, 0.75], "rotation": 180, "texture": "#4"}
			}
		},
		{
			"name": "voxel",
			"from": [11.5, 10.6, 7.55],
			"to": [12.5, 11.6, 8.55],
			"rotation": {"angle": -45, "axis": "x", "origin": [12, 11.65, 6.51]},
			"faces": {
				"north": {"uv": [2.25, 0.25, 2.75, 0.75], "rotation": 270, "texture": "#4"},
				"east": {"uv": [2.25, 0.25, 2.75, 0.75], "rotation": 90, "texture": "#4"},
				"south": {"uv": [2.25, 0.25, 2.75, 0.75], "rotation": 270, "texture": "#4"},
				"west": {"uv": [2.25, 0.25, 2.75, 0.75], "rotation": 270, "texture": "#4"},
				"up": {"uv": [2.25, 0.25, 2.75, 0.75], "texture": "#4"},
				"down": {"uv": [2.25, 0.25, 2.75, 0.75], "rotation": 180, "texture": "#4"}
			}
		},
		{
			"name": "voxel",
			"from": [11.5, 6.6, 6.55],
			"to": [12.5, 7.6, 7.55],
			"rotation": {"angle": -45, "axis": "x", "origin": [12, 11.65, 6.51]},
			"faces": {
				"north": {"uv": [5.25, 0.25, 5.75, 0.75], "rotation": 270, "texture": "#4"},
				"east": {"uv": [5.25, 0.25, 5.75, 0.75], "rotation": 90, "texture": "#4"},
				"south": {"uv": [5.25, 0.25, 5.75, 0.75], "rotation": 270, "texture": "#4"},
				"west": {"uv": [5.25, 0.25, 5.75, 0.75], "rotation": 270, "texture": "#4"},
				"up": {"uv": [5.25, 0.25, 5.75, 0.75], "texture": "#4"},
				"down": {"uv": [5.25, 0.25, 5.75, 0.75], "rotation": 180, "texture": "#4"}
			}
		},
		{
			"name": "voxel",
			"from": [11.5, 7.6, 6.55],
			"to": [12.5, 8.6, 7.55],
			"rotation": {"angle": -45, "axis": "x", "origin": [12, 11.65, 6.51]},
			"faces": {
				"north": {"uv": [6.25, 0.25, 6.75, 0.75], "rotation": 270, "texture": "#4"},
				"east": {"uv": [6.25, 0.25, 6.75, 0.75], "rotation": 90, "texture": "#4"},
				"south": {"uv": [6.25, 0.25, 6.75, 0.75], "rotation": 270, "texture": "#4"},
				"west": {"uv": [6.25, 0.25, 6.75, 0.75], "rotation": 270, "texture": "#4"},
				"up": {"uv": [6.25, 0.25, 6.75, 0.75], "texture": "#4"},
				"down": {"uv": [6.25, 0.25, 6.75, 0.75], "rotation": 180, "texture": "#4"}
			}
		},
		{
			"name": "voxel",
			"from": [11.5, 8.6, 6.55],
			"to": [12.5, 9.6, 7.55],
			"rotation": {"angle": -45, "axis": "x", "origin": [12, 11.65, 6.51]},
			"faces": {
				"north": {"uv": [0.25, 0.25, 0.75, 0.75], "rotation": 270, "texture": "#4"},
				"east": {"uv": [0.25, 0.25, 0.75, 0.75], "rotation": 90, "texture": "#4"},
				"south": {"uv": [0.25, 0.25, 0.75, 0.75], "rotation": 270, "texture": "#4"},
				"west": {"uv": [0.25, 0.25, 0.75, 0.75], "rotation": 270, "texture": "#4"},
				"up": {"uv": [0.25, 0.25, 0.75, 0.75], "texture": "#4"},
				"down": {"uv": [0.25, 0.25, 0.75, 0.75], "rotation": 180, "texture": "#4"}
			}
		},
		{
			"name": "voxel",
			"from": [11.5, 9.6, 6.55],
			"to": [12.5, 10.6, 7.55],
			"rotation": {"angle": -45, "axis": "x", "origin": [12, 11.65, 6.51]},
			"faces": {
				"north": {"uv": [2.25, 0.25, 2.75, 0.75], "rotation": 270, "texture": "#4"},
				"east": {"uv": [2.25, 0.25, 2.75, 0.75], "rotation": 90, "texture": "#4"},
				"south": {"uv": [2.25, 0.25, 2.75, 0.75], "rotation": 270, "texture": "#4"},
				"west": {"uv": [2.25, 0.25, 2.75, 0.75], "rotation": 270, "texture": "#4"},
				"up": {"uv": [2.25, 0.25, 2.75, 0.75], "texture": "#4"},
				"down": {"uv": [2.25, 0.25, 2.75, 0.75], "rotation": 180, "texture": "#4"}
			}
		},
		{
			"name": "voxel",
			"from": [11.5, 16.6, 5.55],
			"to": [12.5, 17.6, 7.55],
			"rotation": {"angle": -45, "axis": "x", "origin": [12, 11.65, 6.51]},
			"faces": {
				"north": {"uv": [3.25, 0.25, 3.75, 0.75], "rotation": 270, "texture": "#4"},
				"east": {"uv": [3.25, 0.25, 3.75, 0.75], "rotation": 90, "texture": "#4"},
				"south": {"uv": [3.25, 0.25, 3.75, 0.75], "rotation": 270, "texture": "#4"},
				"west": {"uv": [3.25, 0.25, 3.75, 0.75], "rotation": 270, "texture": "#4"},
				"up": {"uv": [3.25, 0.25, 3.75, 0.75], "texture": "#4"},
				"down": {"uv": [3.25, 0.25, 3.75, 0.75], "rotation": 180, "texture": "#4"}
			}
		},
		{
			"name": "voxel",
			"from": [11.5, 6.6, 5.55],
			"to": [12.5, 7.6, 6.55],
			"rotation": {"angle": -45, "axis": "x", "origin": [12, 11.65, 6.51]},
			"faces": {
				"north": {"uv": [1.25, 0.25, 1.75, 0.75], "rotation": 270, "texture": "#4"},
				"east": {"uv": [1.25, 0.25, 1.75, 0.75], "rotation": 90, "texture": "#4"},
				"south": {"uv": [1.25, 0.25, 1.75, 0.75], "rotation": 270, "texture": "#4"},
				"west": {"uv": [1.25, 0.25, 1.75, 0.75], "rotation": 270, "texture": "#4"},
				"up": {"uv": [1.25, 0.25, 1.75, 0.75], "texture": "#4"},
				"down": {"uv": [1.25, 0.25, 1.75, 0.75], "rotation": 180, "texture": "#4"}
			}
		},
		{
			"name": "voxel",
			"from": [11.5, 7.6, 5.55],
			"to": [12.5, 8.6, 6.55],
			"rotation": {"angle": -45, "axis": "x", "origin": [12, 11.65, 6.51]},
			"faces": {
				"north": {"uv": [0.25, 0.25, 0.75, 0.75], "rotation": 270, "texture": "#4"},
				"east": {"uv": [0.25, 0.25, 0.75, 0.75], "rotation": 90, "texture": "#4"},
				"south": {"uv": [0.25, 0.25, 0.75, 0.75], "rotation": 270, "texture": "#4"},
				"west": {"uv": [0.25, 0.25, 0.75, 0.75], "rotation": 270, "texture": "#4"},
				"up": {"uv": [0.25, 0.25, 0.75, 0.75], "texture": "#4"},
				"down": {"uv": [0.25, 0.25, 0.75, 0.75], "rotation": 180, "texture": "#4"}
			}
		},
		{
			"name": "voxel",
			"from": [11.5, 8.6, 5.55],
			"to": [12.5, 9.6, 6.55],
			"rotation": {"angle": -45, "axis": "x", "origin": [12, 11.65, 6.51]},
			"faces": {
				"north": {"uv": [2.25, 0.25, 2.75, 0.75], "rotation": 270, "texture": "#4"},
				"east": {"uv": [2.25, 0.25, 2.75, 0.75], "rotation": 90, "texture": "#4"},
				"south": {"uv": [2.25, 0.25, 2.75, 0.75], "rotation": 270, "texture": "#4"},
				"west": {"uv": [2.25, 0.25, 2.75, 0.75], "rotation": 270, "texture": "#4"},
				"up": {"uv": [2.25, 0.25, 2.75, 0.75], "texture": "#4"},
				"down": {"uv": [2.25, 0.25, 2.75, 0.75], "rotation": 180, "texture": "#4"}
			}
		},
		{
			"name": "voxel",
			"from": [11.5, 9.6, 5.55],
			"to": [12.5, 10.6, 6.55],
			"rotation": {"angle": -45, "axis": "x", "origin": [12, 11.65, 6.51]},
			"faces": {
				"north": {"uv": [5.25, 0.25, 5.75, 0.75], "rotation": 270, "texture": "#4"},
				"east": {"uv": [5.25, 0.25, 5.75, 0.75], "rotation": 90, "texture": "#4"},
				"south": {"uv": [5.25, 0.25, 5.75, 0.75], "rotation": 270, "texture": "#4"},
				"west": {"uv": [5.25, 0.25, 5.75, 0.75], "rotation": 270, "texture": "#4"},
				"up": {"uv": [5.25, 0.25, 5.75, 0.75], "texture": "#4"},
				"down": {"uv": [5.25, 0.25, 5.75, 0.75], "rotation": 180, "texture": "#4"}
			}
		},
		{
			"name": "voxel",
			"from": [11.5, 6.6, 4.55],
			"to": [12.5, 7.6, 5.55],
			"rotation": {"angle": -45, "axis": "x", "origin": [12, 11.65, 6.51]},
			"faces": {
				"north": {"uv": [0.25, 0.25, 0.75, 0.75], "rotation": 270, "texture": "#4"},
				"east": {"uv": [0.25, 0.25, 0.75, 0.75], "rotation": 90, "texture": "#4"},
				"south": {"uv": [0.25, 0.25, 0.75, 0.75], "rotation": 270, "texture": "#4"},
				"west": {"uv": [0.25, 0.25, 0.75, 0.75], "rotation": 270, "texture": "#4"},
				"up": {"uv": [0.25, 0.25, 0.75, 0.75], "texture": "#4"},
				"down": {"uv": [0.25, 0.25, 0.75, 0.75], "rotation": 180, "texture": "#4"}
			}
		},
		{
			"name": "voxel",
			"from": [11.5, 7.6, 4.55],
			"to": [12.5, 8.6, 5.55],
			"rotation": {"angle": -45, "axis": "x", "origin": [12, 11.65, 6.51]},
			"faces": {
				"north": {"uv": [2.25, 0.25, 2.75, 0.75], "rotation": 270, "texture": "#4"},
				"east": {"uv": [2.25, 0.25, 2.75, 0.75], "rotation": 90, "texture": "#4"},
				"south": {"uv": [2.25, 0.25, 2.75, 0.75], "rotation": 270, "texture": "#4"},
				"west": {"uv": [2.25, 0.25, 2.75, 0.75], "rotation": 270, "texture": "#4"},
				"up": {"uv": [2.25, 0.25, 2.75, 0.75], "texture": "#4"},
				"down": {"uv": [2.25, 0.25, 2.75, 0.75], "rotation": 180, "texture": "#4"}
			}
		},
		{
			"name": "voxel",
			"from": [11.5, 8.6, 4.55],
			"to": [12.5, 9.6, 5.55],
			"rotation": {"angle": -45, "axis": "x", "origin": [12, 11.65, 6.51]},
			"faces": {
				"north": {"uv": [5.25, 0.25, 5.75, 0.75], "rotation": 270, "texture": "#4"},
				"east": {"uv": [5.25, 0.25, 5.75, 0.75], "rotation": 90, "texture": "#4"},
				"south": {"uv": [5.25, 0.25, 5.75, 0.75], "rotation": 270, "texture": "#4"},
				"west": {"uv": [5.25, 0.25, 5.75, 0.75], "rotation": 270, "texture": "#4"},
				"up": {"uv": [5.25, 0.25, 5.75, 0.75], "texture": "#4"},
				"down": {"uv": [5.25, 0.25, 5.75, 0.75], "rotation": 180, "texture": "#4"}
			}
		},
		{
			"name": "voxel",
			"from": [11.5, 9.6, 4.55],
			"to": [12.5, 10.6, 5.55],
			"rotation": {"angle": -45, "axis": "x", "origin": [12, 11.65, 6.51]},
			"faces": {
				"north": {"uv": [4.25, 0.25, 4.75, 0.75], "rotation": 270, "texture": "#4"},
				"east": {"uv": [4.25, 0.25, 4.75, 0.75], "rotation": 90, "texture": "#4"},
				"south": {"uv": [4.25, 0.25, 4.75, 0.75], "rotation": 270, "texture": "#4"},
				"west": {"uv": [4.25, 0.25, 4.75, 0.75], "rotation": 270, "texture": "#4"},
				"up": {"uv": [4.25, 0.25, 4.75, 0.75], "texture": "#4"},
				"down": {"uv": [4.25, 0.25, 4.75, 0.75], "rotation": 180, "texture": "#4"}
			}
		},
		{
			"name": "voxel",
			"from": [11.5, 10.6, 4.55],
			"to": [12.5, 17.6, 5.55],
			"rotation": {"angle": -45, "axis": "x", "origin": [12, 11.65, 6.51]},
			"faces": {
				"north": {"uv": [0.25, 0.25, 0.75, 0.75], "rotation": 270, "texture": "#4"},
				"east": {"uv": [0.25, 0.25, 0.75, 0.75], "rotation": 90, "texture": "#4"},
				"south": {"uv": [0.25, 0.25, 0.75, 0.75], "rotation": 270, "texture": "#4"},
				"west": {"uv": [0.25, 0.25, 0.75, 0.75], "rotation": 270, "texture": "#4"},
				"up": {"uv": [0.25, 0.25, 0.75, 0.75], "texture": "#4"},
				"down": {"uv": [0.25, 0.25, 0.75, 0.75], "rotation": 180, "texture": "#4"}
			}
		},
		{
			"name": "voxel",
			"from": [11.5, 5.6, 3.55],
			"to": [12.5, 6.6, 4.55],
			"rotation": {"angle": -45, "axis": "x", "origin": [12, 11.65, 6.51]},
			"faces": {
				"north": {"uv": [7.25, 0.25, 7.75, 0.75], "rotation": 270, "texture": "#4"},
				"east": {"uv": [7.25, 0.25, 7.75, 0.75], "rotation": 90, "texture": "#4"},
				"south": {"uv": [7.25, 0.25, 7.75, 0.75], "rotation": 270, "texture": "#4"},
				"west": {"uv": [7.25, 0.25, 7.75, 0.75], "rotation": 270, "texture": "#4"},
				"up": {"uv": [7.25, 0.25, 7.75, 0.75], "texture": "#4"},
				"down": {"uv": [7.25, 0.25, 7.75, 0.75], "rotation": 180, "texture": "#4"}
			}
		},
		{
			"name": "voxel",
			"from": [11.5, 6.6, 3.55],
			"to": [12.5, 7.6, 4.55],
			"rotation": {"angle": -45, "axis": "x", "origin": [12, 11.65, 6.51]},
			"faces": {
				"north": {"uv": [8.25, 0.25, 8.75, 0.75], "rotation": 270, "texture": "#4"},
				"east": {"uv": [8.25, 0.25, 8.75, 0.75], "rotation": 90, "texture": "#4"},
				"south": {"uv": [8.25, 0.25, 8.75, 0.75], "rotation": 270, "texture": "#4"},
				"west": {"uv": [8.25, 0.25, 8.75, 0.75], "rotation": 270, "texture": "#4"},
				"up": {"uv": [8.25, 0.25, 8.75, 0.75], "texture": "#4"},
				"down": {"uv": [8.25, 0.25, 8.75, 0.75], "rotation": 180, "texture": "#4"}
			}
		},
		{
			"name": "voxel",
			"from": [11.5, 8.6, 3.55],
			"to": [12.5, 10.6, 4.55],
			"rotation": {"angle": -45, "axis": "x", "origin": [12, 11.65, 6.51]},
			"faces": {
				"north": {"uv": [1.25, 0.25, 1.75, 0.75], "rotation": 270, "texture": "#4"},
				"east": {"uv": [1.25, 0.25, 1.75, 0.75], "rotation": 90, "texture": "#4"},
				"south": {"uv": [1.25, 0.25, 1.75, 0.75], "rotation": 270, "texture": "#4"},
				"west": {"uv": [1.25, 0.25, 1.75, 0.75], "rotation": 270, "texture": "#4"},
				"up": {"uv": [1.25, 0.25, 1.75, 0.75], "texture": "#4"},
				"down": {"uv": [1.25, 0.25, 1.75, 0.75], "rotation": 180, "texture": "#4"}
			}
		},
		{
			"name": "voxel",
			"from": [11.5, 10.6, 3.55],
			"to": [12.5, 11.6, 4.55],
			"rotation": {"angle": -45, "axis": "x", "origin": [12, 11.65, 6.51]},
			"faces": {
				"north": {"uv": [2.25, 0.25, 2.75, 0.75], "rotation": 270, "texture": "#4"},
				"east": {"uv": [2.25, 0.25, 2.75, 0.75], "rotation": 90, "texture": "#4"},
				"south": {"uv": [2.25, 0.25, 2.75, 0.75], "rotation": 270, "texture": "#4"},
				"west": {"uv": [2.25, 0.25, 2.75, 0.75], "rotation": 270, "texture": "#4"},
				"up": {"uv": [2.25, 0.25, 2.75, 0.75], "texture": "#4"},
				"down": {"uv": [2.25, 0.25, 2.75, 0.75], "rotation": 180, "texture": "#4"}
			}
		},
		{
			"name": "voxel",
			"from": [11.5, 11.6, 3.55],
			"to": [12.5, 12.6, 4.55],
			"rotation": {"angle": -45, "axis": "x", "origin": [12, 11.65, 6.51]},
			"faces": {
				"north": {"uv": [4.25, 0.25, 4.75, 0.75], "rotation": 270, "texture": "#4"},
				"east": {"uv": [4.25, 0.25, 4.75, 0.75], "rotation": 90, "texture": "#4"},
				"south": {"uv": [4.25, 0.25, 4.75, 0.75], "rotation": 270, "texture": "#4"},
				"west": {"uv": [4.25, 0.25, 4.75, 0.75], "rotation": 270, "texture": "#4"},
				"up": {"uv": [4.25, 0.25, 4.75, 0.75], "texture": "#4"},
				"down": {"uv": [4.25, 0.25, 4.75, 0.75], "rotation": 180, "texture": "#4"}
			}
		},
		{
			"name": "voxel",
			"from": [11.5, 12.6, 3.55],
			"to": [12.5, 15.6, 4.55],
			"rotation": {"angle": -45, "axis": "x", "origin": [12, 11.65, 6.51]},
			"faces": {
				"north": {"uv": [2.25, 0.25, 2.75, 0.75], "rotation": 270, "texture": "#4"},
				"east": {"uv": [2.25, 0.25, 2.75, 0.75], "rotation": 90, "texture": "#4"},
				"south": {"uv": [2.25, 0.25, 2.75, 0.75], "rotation": 270, "texture": "#4"},
				"west": {"uv": [2.25, 0.25, 2.75, 0.75], "rotation": 270, "texture": "#4"},
				"up": {"uv": [2.25, 0.25, 2.75, 0.75], "texture": "#4"},
				"down": {"uv": [2.25, 0.25, 2.75, 0.75], "rotation": 180, "texture": "#4"}
			}
		},
		{
			"name": "voxel",
			"from": [11.5, 15.6, 3.55],
			"to": [12.5, 16.6, 4.55],
			"rotation": {"angle": -45, "axis": "x", "origin": [12, 11.65, 6.51]},
			"faces": {
				"north": {"uv": [4.25, 0.25, 4.75, 0.75], "rotation": 270, "texture": "#4"},
				"east": {"uv": [4.25, 0.25, 4.75, 0.75], "rotation": 90, "texture": "#4"},
				"south": {"uv": [4.25, 0.25, 4.75, 0.75], "rotation": 270, "texture": "#4"},
				"west": {"uv": [4.25, 0.25, 4.75, 0.75], "rotation": 270, "texture": "#4"},
				"up": {"uv": [4.25, 0.25, 4.75, 0.75], "texture": "#4"},
				"down": {"uv": [4.25, 0.25, 4.75, 0.75], "rotation": 180, "texture": "#4"}
			}
		},
		{
			"name": "voxel",
			"from": [11.5, 16.6, 3.55],
			"to": [12.5, 17.6, 4.55],
			"rotation": {"angle": -45, "axis": "x", "origin": [12, 11.65, 6.51]},
			"faces": {
				"north": {"uv": [2.25, 0.25, 2.75, 0.75], "rotation": 270, "texture": "#4"},
				"east": {"uv": [2.25, 0.25, 2.75, 0.75], "rotation": 90, "texture": "#4"},
				"south": {"uv": [2.25, 0.25, 2.75, 0.75], "rotation": 270, "texture": "#4"},
				"west": {"uv": [2.25, 0.25, 2.75, 0.75], "rotation": 270, "texture": "#4"},
				"up": {"uv": [2.25, 0.25, 2.75, 0.75], "texture": "#4"},
				"down": {"uv": [2.25, 0.25, 2.75, 0.75], "rotation": 180, "texture": "#4"}
			}
		},
		{
			"name": "voxel",
			"from": [11.5, 17.6, 3.55],
			"to": [12.5, 18.6, 4.55],
			"rotation": {"angle": -45, "axis": "x", "origin": [12, 11.65, 6.51]},
			"faces": {
				"north": {"uv": [0.25, 0.25, 0.75, 0.75], "rotation": 270, "texture": "#4"},
				"east": {"uv": [0.25, 0.25, 0.75, 0.75], "rotation": 90, "texture": "#4"},
				"south": {"uv": [0.25, 0.25, 0.75, 0.75], "rotation": 270, "texture": "#4"},
				"west": {"uv": [0.25, 0.25, 0.75, 0.75], "rotation": 270, "texture": "#4"},
				"up": {"uv": [0.25, 0.25, 0.75, 0.75], "texture": "#4"},
				"down": {"uv": [0.25, 0.25, 0.75, 0.75], "rotation": 180, "texture": "#4"}
			}
		},
		{
			"name": "voxel",
			"from": [11.5, 5.6, 2.55],
			"to": [12.5, 6.6, 3.55],
			"rotation": {"angle": -45, "axis": "x", "origin": [12, 11.65, 6.51]},
			"faces": {
				"north": {"uv": [9.25, 0.25, 9.75, 0.75], "rotation": 270, "texture": "#4"},
				"east": {"uv": [9.25, 0.25, 9.75, 0.75], "rotation": 90, "texture": "#4"},
				"south": {"uv": [9.25, 0.25, 9.75, 0.75], "rotation": 270, "texture": "#4"},
				"west": {"uv": [9.25, 0.25, 9.75, 0.75], "rotation": 270, "texture": "#4"},
				"up": {"uv": [9.25, 0.25, 9.75, 0.75], "texture": "#4"},
				"down": {"uv": [9.25, 0.25, 9.75, 0.75], "rotation": 180, "texture": "#4"}
			}
		},
		{
			"name": "voxel",
			"from": [11.5, 10.6, 2.55],
			"to": [12.5, 17.6, 3.55],
			"rotation": {"angle": -45, "axis": "x", "origin": [12, 11.65, 6.51]},
			"faces": {
				"north": {"uv": [1.25, 0.25, 1.75, 0.75], "rotation": 270, "texture": "#4"},
				"east": {"uv": [1.25, 0.25, 1.75, 0.75], "rotation": 90, "texture": "#4"},
				"south": {"uv": [1.25, 0.25, 1.75, 0.75], "rotation": 270, "texture": "#4"},
				"west": {"uv": [1.25, 0.25, 1.75, 0.75], "rotation": 270, "texture": "#4"},
				"up": {"uv": [1.25, 0.25, 1.75, 0.75], "texture": "#4"},
				"down": {"uv": [1.25, 0.25, 1.75, 0.75], "rotation": 180, "texture": "#4"}
			}
		}
	],
	"display": {
		"thirdperson_righthand": {
			"rotation": [90, 0, 0],
			"translation": [-5, -2, -1]
		},
		"thirdperson_lefthand": {
			"rotation": [90, 0, 0],
			"translation": [5, -2, -1]
		},
		"firstperson_righthand": {
			"rotation": [0, 111, 0],
			"scale": [0.4, 0.4, 0.4]
		},
		"firstperson_lefthand": {
			"rotation": [0, 132, 0],
			"scale": [0.4, 0.4, 0.4]
		},
		"ground": {
			"translation": [0, 3, 0],
			"scale": [0.25, 0.25, 0.25]
		},
		"gui": {
			"rotation": [30, 225, 0],
			"translation": [0, -2, 0],
			"scale": [0.5, 0.5, 0.5]
		},
		"head": {
			"translation": [0, -27.25, 0],
			"scale": [1.6, 1.6, 1.6]
		},
		"fixed": {
			"scale": [0.5, 0.5, 0.5]
		}
	},
	"groups": [0,
		{
			"name": "bp2",
			"children": [1, 2, 3, 4, 5, 6, 7, 8, 9, 10, 11, 12, 13, 14, 15, 16, 17, 18, 19, 20, 21, 22, 23, 24, 25, 26, 27, 28, 29, 30, 31, 32, 33, 34, 35, 36, 37, 38, 39, 40, 41, 42, 43, 44, 45, 46, 47, 48, 49, 50]
		}
	]
}