{
	"credit": "Made By BronGhast014 with Blockbench",
	"textures": {
		"0": "mobs/desert_skeleton_hurt",
		"2": "mobs/weapons/desert_bow_pull",
		"particle": "mobs/weapons/desert_bow_pull"
	},
	"elements": [
		{
			"name": "L Arm",
			"from": [12, 9, 7],
			"to": [14, 21, 9],
			"faces": {
				"north": {"uv": [4.5, 9, 5.5, 15], "texture": "#0"},
				"east": {"uv": [5.5, 9, 6.5, 15], "texture": "#0"},
				"south": {"uv": [5.5, 9, 6.5, 15], "texture": "#0"},
				"west": {"uv": [5.5, 9, 6.5, 15], "texture": "#0"},
				"up": {"uv": [6, 8, 7, 9], "texture": "#0"},
				"down": {"uv": [1, 8, 2, 9], "texture": "#0"}
			}
		},
		{
			"name": "voxel",
			"from": [11.5457, 8.1957, 13.6414],
			"to": [12.5457, 9.1957, 14.6414],
			"rotation": {"angle": -45, "axis": "x", "origin": [3.75, 15.1957, 8.6957]},
			"faces": {
				"north": {"uv": [0.25, 0.25, 0.75, 0.75], "rotation": 270, "texture": "#2"},
				"east": {"uv": [0.25, 0.25, 0.75, 0.75], "rotation": 90, "texture": "#2"},
				"south": {"uv": [0.25, 0.25, 0.75, 0.75], "rotation": 270, "texture": "#2"},
				"west": {"uv": [0.25, 0.25, 0.75, 0.75], "rotation": 270, "texture": "#2"},
				"up": {"uv": [0.25, 0.25, 0.75, 0.75], "texture": "#2"},
				"down": {"uv": [0.25, 0.25, 0.75, 0.75], "rotation": 180, "texture": "#2"}
			}
		},
		{
			"name": "voxel",
			"from": [11.5457, 7.1957, 9.6414],
			"to": [12.5457, 8.1957, 13.6414],
			"rotation": {"angle": -45, "axis": "x", "origin": [3.75, 15.1957, 8.6957]},
			"faces": {
				"north": {"uv": [1.25, 0.25, 1.75, 0.75], "rotation": 270, "texture": "#2"},
				"east": {"uv": [1.25, 0.25, 1.75, 0.75], "rotation": 90, "texture": "#2"},
				"south": {"uv": [1.25, 0.25, 1.75, 0.75], "rotation": 270, "texture": "#2"},
				"west": {"uv": [1.25, 0.25, 1.75, 0.75], "rotation": 270, "texture": "#2"},
				"up": {"uv": [1.25, 0.25, 1.75, 0.75], "texture": "#2"},
				"down": {"uv": [1.25, 0.25, 1.75, 0.75], "rotation": 180, "texture": "#2"}
			}
		},
		{
			"name": "voxel",
			"from": [11.5457, 8.1957, 12.6414],
			"to": [12.5457, 9.1957, 13.6414],
			"rotation": {"angle": -45, "axis": "x", "origin": [3.75, 15.1957, 8.6957]},
			"faces": {
				"north": {"uv": [2.25, 0.25, 2.75, 0.75], "rotation": 270, "texture": "#2"},
				"east": {"uv": [2.25, 0.25, 2.75, 0.75], "rotation": 90, "texture": "#2"},
				"south": {"uv": [2.25, 0.25, 2.75, 0.75], "rotation": 270, "texture": "#2"},
				"west": {"uv": [2.25, 0.25, 2.75, 0.75], "rotation": 270, "texture": "#2"},
				"up": {"uv": [2.25, 0.25, 2.75, 0.75], "texture": "#2"},
				"down": {"uv": [2.25, 0.25, 2.75, 0.75], "rotation": 180, "texture": "#2"}
			}
		},
		{
			"name": "voxel",
			"from": [11.5457, 9.1957, 9.6414],
			"to": [12.5457, 10.1957, 13.6414],
			"rotation": {"angle": -45, "axis": "x", "origin": [3.75, 15.1957, 8.6957]},
			"faces": {
				"north": {"uv": [0.25, 0.25, 0.75, 0.75], "rotation": 270, "texture": "#2"},
				"east": {"uv": [0.25, 0.25, 0.75, 0.75], "rotation": 90, "texture": "#2"},
				"south": {"uv": [0.25, 0.25, 0.75, 0.75], "rotation": 270, "texture": "#2"},
				"west": {"uv": [0.25, 0.25, 0.75, 0.75], "rotation": 270, "texture": "#2"},
				"up": {"uv": [0.25, 0.25, 0.75, 0.75], "texture": "#2"},
				"down": {"uv": [0.25, 0.25, 0.75, 0.75], "rotation": 180, "texture": "#2"}
			}
		},
		{
			"name": "voxel",
			"from": [11.5457, 10.1957, 12.6414],
			"to": [12.5457, 11.1957, 13.6414],
			"rotation": {"angle": -45, "axis": "x", "origin": [3.75, 15.1957, 8.6957]},
			"faces": {
				"north": {"uv": [3.25, 0.25, 3.75, 0.75], "rotation": 270, "texture": "#2"},
				"east": {"uv": [3.25, 0.25, 3.75, 0.75], "rotation": 90, "texture": "#2"},
				"south": {"uv": [3.25, 0.25, 3.75, 0.75], "rotation": 270, "texture": "#2"},
				"west": {"uv": [3.25, 0.25, 3.75, 0.75], "rotation": 270, "texture": "#2"},
				"up": {"uv": [3.25, 0.25, 3.75, 0.75], "texture": "#2"},
				"down": {"uv": [3.25, 0.25, 3.75, 0.75], "rotation": 180, "texture": "#2"}
			}
		},
		{
			"name": "voxel",
			"from": [11.5457, 8.1957, 10.6414],
			"to": [12.5457, 9.1957, 12.6414],
			"rotation": {"angle": -45, "axis": "x", "origin": [3.75, 15.1957, 8.6957]},
			"faces": {
				"north": {"uv": [4.25, 0.25, 4.75, 0.75], "rotation": 270, "texture": "#2"},
				"east": {"uv": [4.25, 0.25, 4.75, 0.75], "rotation": 90, "texture": "#2"},
				"south": {"uv": [4.25, 0.25, 4.75, 0.75], "rotation": 270, "texture": "#2"},
				"west": {"uv": [4.25, 0.25, 4.75, 0.75], "rotation": 270, "texture": "#2"},
				"up": {"uv": [4.25, 0.25, 4.75, 0.75], "texture": "#2"},
				"down": {"uv": [4.25, 0.25, 4.75, 0.75], "rotation": 180, "texture": "#2"}
			}
		},
		{
			"name": "voxel",
			"from": [11.5457, 11.1957, 11.6414],
			"to": [12.5457, 13.1957, 12.6414],
			"rotation": {"angle": -45, "axis": "x", "origin": [3.75, 15.1957, 8.6957]},
			"faces": {
				"north": {"uv": [3.25, 0.25, 3.75, 0.75], "rotation": 270, "texture": "#2"},
				"east": {"uv": [3.25, 0.25, 3.75, 0.75], "rotation": 90, "texture": "#2"},
				"south": {"uv": [3.25, 0.25, 3.75, 0.75], "rotation": 270, "texture": "#2"},
				"west": {"uv": [3.25, 0.25, 3.75, 0.75], "rotation": 270, "texture": "#2"},
				"up": {"uv": [3.25, 0.25, 3.75, 0.75], "texture": "#2"},
				"down": {"uv": [3.25, 0.25, 3.75, 0.75], "rotation": 180, "texture": "#2"}
			}
		},
		{
			"name": "voxel",
			"from": [11.5457, 13.1957, 10.6414],
			"to": [12.5457, 14.1957, 11.6414],
			"rotation": {"angle": -45, "axis": "x", "origin": [3.75, 15.1957, 8.6957]},
			"faces": {
				"north": {"uv": [3.25, 0.25, 3.75, 0.75], "rotation": 270, "texture": "#2"},
				"east": {"uv": [3.25, 0.25, 3.75, 0.75], "rotation": 90, "texture": "#2"},
				"south": {"uv": [3.25, 0.25, 3.75, 0.75], "rotation": 270, "texture": "#2"},
				"west": {"uv": [3.25, 0.25, 3.75, 0.75], "rotation": 270, "texture": "#2"},
				"up": {"uv": [3.25, 0.25, 3.75, 0.75], "texture": "#2"},
				"down": {"uv": [3.25, 0.25, 3.75, 0.75], "rotation": 180, "texture": "#2"}
			}
		},
		{
			"name": "voxel",
			"from": [11.5457, 8.1957, 9.6414],
			"to": [12.5457, 9.1957, 10.6414],
			"rotation": {"angle": -45, "axis": "x", "origin": [3.75, 15.1957, 8.6957]},
			"faces": {
				"north": {"uv": [2.25, 0.25, 2.75, 0.75], "rotation": 270, "texture": "#2"},
				"east": {"uv": [2.25, 0.25, 2.75, 0.75], "rotation": 90, "texture": "#2"},
				"south": {"uv": [2.25, 0.25, 2.75, 0.75], "rotation": 270, "texture": "#2"},
				"west": {"uv": [2.25, 0.25, 2.75, 0.75], "rotation": 270, "texture": "#2"},
				"up": {"uv": [2.25, 0.25, 2.75, 0.75], "texture": "#2"},
				"down": {"uv": [2.25, 0.25, 2.75, 0.75], "rotation": 180, "texture": "#2"}
			}
		},
		{
			"name": "voxel",
			"from": [11.5457, 14.1957, 9.6414],
			"to": [12.5457, 16.1957, 10.6414],
			"rotation": {"angle": -45, "axis": "x", "origin": [3.75, 15.1957, 8.6957]},
			"faces": {
				"north": {"uv": [3.25, 0.25, 3.75, 0.75], "rotation": 270, "texture": "#2"},
				"east": {"uv": [3.25, 0.25, 3.75, 0.75], "rotation": 90, "texture": "#2"},
				"south": {"uv": [3.25, 0.25, 3.75, 0.75], "rotation": 270, "texture": "#2"},
				"west": {"uv": [3.25, 0.25, 3.75, 0.75], "rotation": 270, "texture": "#2"},
				"up": {"uv": [3.25, 0.25, 3.75, 0.75], "texture": "#2"},
				"down": {"uv": [3.25, 0.25, 3.75, 0.75], "rotation": 180, "texture": "#2"}
			}
		},
		{
			"name": "voxel",
			"from": [11.5457, 8.1957, 6.6414],
			"to": [12.5457, 9.1957, 9.6414],
			"rotation": {"angle": -45, "axis": "x", "origin": [3.75, 15.1957, 8.6957]},
			"faces": {
				"north": {"uv": [1.25, 0.25, 1.75, 0.75], "rotation": 270, "texture": "#2"},
				"east": {"uv": [1.25, 0.25, 1.75, 0.75], "rotation": 90, "texture": "#2"},
				"south": {"uv": [1.25, 0.25, 1.75, 0.75], "rotation": 270, "texture": "#2"},
				"west": {"uv": [1.25, 0.25, 1.75, 0.75], "rotation": 270, "texture": "#2"},
				"up": {"uv": [1.25, 0.25, 1.75, 0.75], "texture": "#2"},
				"down": {"uv": [1.25, 0.25, 1.75, 0.75], "rotation": 180, "texture": "#2"}
			}
		},
		{
			"name": "voxel",
			"from": [11.5457, 9.1957, 8.6414],
			"to": [12.5457, 10.1957, 9.6414],
			"rotation": {"angle": -45, "axis": "x", "origin": [3.75, 15.1957, 8.6957]},
			"faces": {
				"north": {"uv": [2.25, 0.25, 2.75, 0.75], "rotation": 270, "texture": "#2"},
				"east": {"uv": [2.25, 0.25, 2.75, 0.75], "rotation": 90, "texture": "#2"},
				"south": {"uv": [2.25, 0.25, 2.75, 0.75], "rotation": 270, "texture": "#2"},
				"west": {"uv": [2.25, 0.25, 2.75, 0.75], "rotation": 270, "texture": "#2"},
				"up": {"uv": [2.25, 0.25, 2.75, 0.75], "texture": "#2"},
				"down": {"uv": [2.25, 0.25, 2.75, 0.75], "rotation": 180, "texture": "#2"}
			}
		},
		{
			"name": "voxel",
			"from": [11.5457, 10.1957, 6.6414],
			"to": [12.5457, 11.1957, 9.6414],
			"rotation": {"angle": -45, "axis": "x", "origin": [3.75, 15.1957, 8.6957]},
			"faces": {
				"north": {"uv": [0.25, 0.25, 0.75, 0.75], "rotation": 270, "texture": "#2"},
				"east": {"uv": [0.25, 0.25, 0.75, 0.75], "rotation": 90, "texture": "#2"},
				"south": {"uv": [0.25, 0.25, 0.75, 0.75], "rotation": 270, "texture": "#2"},
				"west": {"uv": [0.25, 0.25, 0.75, 0.75], "rotation": 270, "texture": "#2"},
				"up": {"uv": [0.25, 0.25, 0.75, 0.75], "texture": "#2"},
				"down": {"uv": [0.25, 0.25, 0.75, 0.75], "rotation": 180, "texture": "#2"}
			}
		},
		{
			"name": "voxel",
			"from": [11.5457, 16.1957, 8.6414],
			"to": [12.5457, 17.1957, 9.6414],
			"rotation": {"angle": -45, "axis": "x", "origin": [3.75, 15.1957, 8.6957]},
			"faces": {
				"north": {"uv": [3.25, 0.25, 3.75, 0.75], "rotation": 270, "texture": "#2"},
				"east": {"uv": [3.25, 0.25, 3.75, 0.75], "rotation": 90, "texture": "#2"},
				"south": {"uv": [3.25, 0.25, 3.75, 0.75], "rotation": 270, "texture": "#2"},
				"west": {"uv": [3.25, 0.25, 3.75, 0.75], "rotation": 270, "texture": "#2"},
				"up": {"uv": [3.25, 0.25, 3.75, 0.75], "texture": "#2"},
				"down": {"uv": [3.25, 0.25, 3.75, 0.75], "rotation": 180, "texture": "#2"}
			}
		},
		{
			"name": "voxel",
			"from": [11.5457, 9.1957, 7.6414],
			"to": [12.5457, 10.1957, 8.6414],
			"rotation": {"angle": -45, "axis": "x", "origin": [3.75, 15.1957, 8.6957]},
			"faces": {
				"north": {"uv": [4.25, 0.25, 4.75, 0.75], "rotation": 270, "texture": "#2"},
				"east": {"uv": [4.25, 0.25, 4.75, 0.75], "rotation": 90, "texture": "#2"},
				"south": {"uv": [4.25, 0.25, 4.75, 0.75], "rotation": 270, "texture": "#2"},
				"west": {"uv": [4.25, 0.25, 4.75, 0.75], "rotation": 270, "texture": "#2"},
				"up": {"uv": [4.25, 0.25, 4.75, 0.75], "texture": "#2"},
				"down": {"uv": [4.25, 0.25, 4.75, 0.75], "rotation": 180, "texture": "#2"}
			}
		},
		{
			"name": "voxel",
			"from": [11.5457, 15.1957, 7.6414],
			"to": [12.5457, 16.1957, 8.6414],
			"rotation": {"angle": -45, "axis": "x", "origin": [3.75, 15.1957, 8.6957]},
			"faces": {
				"north": {"uv": [0.25, 0.25, 0.75, 0.75], "rotation": 270, "texture": "#2"},
				"east": {"uv": [0.25, 0.25, 0.75, 0.75], "rotation": 90, "texture": "#2"},
				"south": {"uv": [0.25, 0.25, 0.75, 0.75], "rotation": 270, "texture": "#2"},
				"west": {"uv": [0.25, 0.25, 0.75, 0.75], "rotation": 270, "texture": "#2"},
				"up": {"uv": [0.25, 0.25, 0.75, 0.75], "texture": "#2"},
				"down": {"uv": [0.25, 0.25, 0.75, 0.75], "rotation": 180, "texture": "#2"}
			}
		},
		{
			"name": "voxel",
			"from": [11.5457, 16.1957, 7.6414],
			"to": [12.5457, 17.1957, 8.6414],
			"rotation": {"angle": -45, "axis": "x", "origin": [3.75, 15.1957, 8.6957]},
			"faces": {
				"north": {"uv": [2.25, 0.25, 2.75, 0.75], "rotation": 270, "texture": "#2"},
				"east": {"uv": [2.25, 0.25, 2.75, 0.75], "rotation": 90, "texture": "#2"},
				"south": {"uv": [2.25, 0.25, 2.75, 0.75], "rotation": 270, "texture": "#2"},
				"west": {"uv": [2.25, 0.25, 2.75, 0.75], "rotation": 270, "texture": "#2"},
				"up": {"uv": [2.25, 0.25, 2.75, 0.75], "texture": "#2"},
				"down": {"uv": [2.25, 0.25, 2.75, 0.75], "rotation": 180, "texture": "#2"}
			}
		},
		{
			"name": "voxel",
			"from": [11.5457, 17.1957, 6.6414],
			"to": [12.5457, 18.1957, 8.6414],
			"rotation": {"angle": -45, "axis": "x", "origin": [3.75, 15.1957, 8.6957]},
			"faces": {
				"north": {"uv": [3.25, 0.25, 3.75, 0.75], "rotation": 270, "texture": "#2"},
				"east": {"uv": [3.25, 0.25, 3.75, 0.75], "rotation": 90, "texture": "#2"},
				"south": {"uv": [3.25, 0.25, 3.75, 0.75], "rotation": 270, "texture": "#2"},
				"west": {"uv": [3.25, 0.25, 3.75, 0.75], "rotation": 270, "texture": "#2"},
				"up": {"uv": [3.25, 0.25, 3.75, 0.75], "texture": "#2"},
				"down": {"uv": [3.25, 0.25, 3.75, 0.75], "rotation": 180, "texture": "#2"}
			}
		},
		{
			"name": "voxel",
			"from": [11.5457, 9.1957, 6.6414],
			"to": [12.5457, 10.1957, 7.6414],
			"rotation": {"angle": -45, "axis": "x", "origin": [3.75, 15.1957, 8.6957]},
			"faces": {
				"north": {"uv": [2.25, 0.25, 2.75, 0.75], "rotation": 270, "texture": "#2"},
				"east": {"uv": [2.25, 0.25, 2.75, 0.75], "rotation": 90, "texture": "#2"},
				"south": {"uv": [2.25, 0.25, 2.75, 0.75], "rotation": 270, "texture": "#2"},
				"west": {"uv": [2.25, 0.25, 2.75, 0.75], "rotation": 270, "texture": "#2"},
				"up": {"uv": [2.25, 0.25, 2.75, 0.75], "texture": "#2"},
				"down": {"uv": [2.25, 0.25, 2.75, 0.75], "rotation": 180, "texture": "#2"}
			}
		},
		{
			"name": "voxel",
			"from": [11.5457, 14.1957, 6.6414],
			"to": [12.5457, 15.1957, 7.6414],
			"rotation": {"angle": -45, "axis": "x", "origin": [3.75, 15.1957, 8.6957]},
			"faces": {
				"north": {"uv": [0.25, 0.25, 0.75, 0.75], "rotation": 270, "texture": "#2"},
				"east": {"uv": [0.25, 0.25, 0.75, 0.75], "rotation": 90, "texture": "#2"},
				"south": {"uv": [0.25, 0.25, 0.75, 0.75], "rotation": 270, "texture": "#2"},
				"west": {"uv": [0.25, 0.25, 0.75, 0.75], "rotation": 270, "texture": "#2"},
				"up": {"uv": [0.25, 0.25, 0.75, 0.75], "texture": "#2"},
				"down": {"uv": [0.25, 0.25, 0.75, 0.75], "rotation": 180, "texture": "#2"}
			}
		},
		{
			"name": "voxel",
			"from": [11.5457, 15.1957, 6.6414],
			"to": [12.5457, 16.1957, 7.6414],
			"rotation": {"angle": -45, "axis": "x", "origin": [3.75, 15.1957, 8.6957]},
			"faces": {
				"north": {"uv": [2.25, 0.25, 2.75, 0.75], "rotation": 270, "texture": "#2"},
				"east": {"uv": [2.25, 0.25, 2.75, 0.75], "rotation": 90, "texture": "#2"},
				"south": {"uv": [2.25, 0.25, 2.75, 0.75], "rotation": 270, "texture": "#2"},
				"west": {"uv": [2.25, 0.25, 2.75, 0.75], "rotation": 270, "texture": "#2"},
				"up": {"uv": [2.25, 0.25, 2.75, 0.75], "texture": "#2"},
				"down": {"uv": [2.25, 0.25, 2.75, 0.75], "rotation": 180, "texture": "#2"}
			}
		},
		{
			"name": "voxel",
			"from": [11.5457, 9.1957, 4.6414],
			"to": [12.5457, 10.1957, 6.6414],
			"rotation": {"angle": -45, "axis": "x", "origin": [3.75, 15.1957, 8.6957]},
			"faces": {
				"north": {"uv": [1.25, 0.25, 1.75, 0.75], "rotation": 270, "texture": "#2"},
				"east": {"uv": [1.25, 0.25, 1.75, 0.75], "rotation": 90, "texture": "#2"},
				"south": {"uv": [1.25, 0.25, 1.75, 0.75], "rotation": 270, "texture": "#2"},
				"west": {"uv": [1.25, 0.25, 1.75, 0.75], "rotation": 270, "texture": "#2"},
				"up": {"uv": [1.25, 0.25, 1.75, 0.75], "texture": "#2"},
				"down": {"uv": [1.25, 0.25, 1.75, 0.75], "rotation": 180, "texture": "#2"}
			}
		},
		{
			"name": "voxel",
			"from": [11.5457, 10.1957, 5.6414],
			"to": [12.5457, 11.1957, 6.6414],
			"rotation": {"angle": -45, "axis": "x", "origin": [3.75, 15.1957, 8.6957]},
			"faces": {
				"north": {"uv": [4.25, 0.25, 4.75, 0.75], "rotation": 270, "texture": "#2"},
				"east": {"uv": [4.25, 0.25, 4.75, 0.75], "rotation": 90, "texture": "#2"},
				"south": {"uv": [4.25, 0.25, 4.75, 0.75], "rotation": 270, "texture": "#2"},
				"west": {"uv": [4.25, 0.25, 4.75, 0.75], "rotation": 270, "texture": "#2"},
				"up": {"uv": [4.25, 0.25, 4.75, 0.75], "texture": "#2"},
				"down": {"uv": [4.25, 0.25, 4.75, 0.75], "rotation": 180, "texture": "#2"}
			}
		},
		{
			"name": "voxel",
			"from": [11.5457, 11.1957, 5.6414],
			"to": [12.5457, 12.1957, 6.6414],
			"rotation": {"angle": -45, "axis": "x", "origin": [3.75, 15.1957, 8.6957]},
			"faces": {
				"north": {"uv": [5.25, 0.25, 5.75, 0.75], "rotation": 270, "texture": "#2"},
				"east": {"uv": [5.25, 0.25, 5.75, 0.75], "rotation": 90, "texture": "#2"},
				"south": {"uv": [5.25, 0.25, 5.75, 0.75], "rotation": 270, "texture": "#2"},
				"west": {"uv": [5.25, 0.25, 5.75, 0.75], "rotation": 270, "texture": "#2"},
				"up": {"uv": [5.25, 0.25, 5.75, 0.75], "texture": "#2"},
				"down": {"uv": [5.25, 0.25, 5.75, 0.75], "rotation": 180, "texture": "#2"}
			}
		},
		{
			"name": "voxel",
			"from": [11.5457, 13.1957, 5.6414],
			"to": [12.5457, 14.1957, 6.6414],
			"rotation": {"angle": -45, "axis": "x", "origin": [3.75, 15.1957, 8.6957]},
			"faces": {
				"north": {"uv": [0.25, 0.25, 0.75, 0.75], "rotation": 270, "texture": "#2"},
				"east": {"uv": [0.25, 0.25, 0.75, 0.75], "rotation": 90, "texture": "#2"},
				"south": {"uv": [0.25, 0.25, 0.75, 0.75], "rotation": 270, "texture": "#2"},
				"west": {"uv": [0.25, 0.25, 0.75, 0.75], "rotation": 270, "texture": "#2"},
				"up": {"uv": [0.25, 0.25, 0.75, 0.75], "texture": "#2"},
				"down": {"uv": [0.25, 0.25, 0.75, 0.75], "rotation": 180, "texture": "#2"}
			}
		},
		{
			"name": "voxel",
			"from": [11.5457, 14.1957, 5.6414],
			"to": [12.5457, 15.1957, 6.6414],
			"rotation": {"angle": -45, "axis": "x", "origin": [3.75, 15.1957, 8.6957]},
			"faces": {
				"north": {"uv": [2.25, 0.25, 2.75, 0.75], "rotation": 270, "texture": "#2"},
				"east": {"uv": [2.25, 0.25, 2.75, 0.75], "rotation": 90, "texture": "#2"},
				"south": {"uv": [2.25, 0.25, 2.75, 0.75], "rotation": 270, "texture": "#2"},
				"west": {"uv": [2.25, 0.25, 2.75, 0.75], "rotation": 270, "texture": "#2"},
				"up": {"uv": [2.25, 0.25, 2.75, 0.75], "texture": "#2"},
				"down": {"uv": [2.25, 0.25, 2.75, 0.75], "rotation": 180, "texture": "#2"}
			}
		},
		{
			"name": "voxel",
			"from": [11.5457, 18.1957, 5.6414],
			"to": [12.5457, 19.1957, 6.6414],
			"rotation": {"angle": -45, "axis": "x", "origin": [3.75, 15.1957, 8.6957]},
			"faces": {
				"north": {"uv": [3.25, 0.25, 3.75, 0.75], "rotation": 270, "texture": "#2"},
				"east": {"uv": [3.25, 0.25, 3.75, 0.75], "rotation": 90, "texture": "#2"},
				"south": {"uv": [3.25, 0.25, 3.75, 0.75], "rotation": 270, "texture": "#2"},
				"west": {"uv": [3.25, 0.25, 3.75, 0.75], "rotation": 270, "texture": "#2"},
				"up": {"uv": [3.25, 0.25, 3.75, 0.75], "texture": "#2"},
				"down": {"uv": [3.25, 0.25, 3.75, 0.75], "rotation": 180, "texture": "#2"}
			}
		},
		{
			"name": "voxel",
			"from": [11.5457, 10.1957, 4.6414],
			"to": [12.5457, 11.1957, 5.6414],
			"rotation": {"angle": -45, "axis": "x", "origin": [3.75, 15.1957, 8.6957]},
			"faces": {
				"north": {"uv": [5.25, 0.25, 5.75, 0.75], "rotation": 270, "texture": "#2"},
				"east": {"uv": [5.25, 0.25, 5.75, 0.75], "rotation": 90, "texture": "#2"},
				"south": {"uv": [5.25, 0.25, 5.75, 0.75], "rotation": 270, "texture": "#2"},
				"west": {"uv": [5.25, 0.25, 5.75, 0.75], "rotation": 270, "texture": "#2"},
				"up": {"uv": [5.25, 0.25, 5.75, 0.75], "texture": "#2"},
				"down": {"uv": [5.25, 0.25, 5.75, 0.75], "rotation": 180, "texture": "#2"}
			}
		},
		{
			"name": "voxel",
			"from": [11.5457, 11.1957, 4.6414],
			"to": [12.5457, 12.1957, 5.6414],
			"rotation": {"angle": -45, "axis": "x", "origin": [3.75, 15.1957, 8.6957]},
			"faces": {
				"north": {"uv": [6.25, 0.25, 6.75, 0.75], "rotation": 270, "texture": "#2"},
				"east": {"uv": [6.25, 0.25, 6.75, 0.75], "rotation": 90, "texture": "#2"},
				"south": {"uv": [6.25, 0.25, 6.75, 0.75], "rotation": 270, "texture": "#2"},
				"west": {"uv": [6.25, 0.25, 6.75, 0.75], "rotation": 270, "texture": "#2"},
				"up": {"uv": [6.25, 0.25, 6.75, 0.75], "texture": "#2"},
				"down": {"uv": [6.25, 0.25, 6.75, 0.75], "rotation": 180, "texture": "#2"}
			}
		},
		{
			"name": "voxel",
			"from": [11.5457, 12.1957, 4.6414],
			"to": [12.5457, 13.1957, 5.6414],
			"rotation": {"angle": -45, "axis": "x", "origin": [3.75, 15.1957, 8.6957]},
			"faces": {
				"north": {"uv": [0.25, 0.25, 0.75, 0.75], "rotation": 270, "texture": "#2"},
				"east": {"uv": [0.25, 0.25, 0.75, 0.75], "rotation": 90, "texture": "#2"},
				"south": {"uv": [0.25, 0.25, 0.75, 0.75], "rotation": 270, "texture": "#2"},
				"west": {"uv": [0.25, 0.25, 0.75, 0.75], "rotation": 270, "texture": "#2"},
				"up": {"uv": [0.25, 0.25, 0.75, 0.75], "texture": "#2"},
				"down": {"uv": [0.25, 0.25, 0.75, 0.75], "rotation": 180, "texture": "#2"}
			}
		},
		{
			"name": "voxel",
			"from": [11.5457, 13.1957, 4.6414],
			"to": [12.5457, 14.1957, 5.6414],
			"rotation": {"angle": -45, "axis": "x", "origin": [3.75, 15.1957, 8.6957]},
			"faces": {
				"north": {"uv": [2.25, 0.25, 2.75, 0.75], "rotation": 270, "texture": "#2"},
				"east": {"uv": [2.25, 0.25, 2.75, 0.75], "rotation": 90, "texture": "#2"},
				"south": {"uv": [2.25, 0.25, 2.75, 0.75], "rotation": 270, "texture": "#2"},
				"west": {"uv": [2.25, 0.25, 2.75, 0.75], "rotation": 270, "texture": "#2"},
				"up": {"uv": [2.25, 0.25, 2.75, 0.75], "texture": "#2"},
				"down": {"uv": [2.25, 0.25, 2.75, 0.75], "rotation": 180, "texture": "#2"}
			}
		},
		{
			"name": "voxel",
			"from": [11.5457, 19.1957, 3.6414],
			"to": [12.5457, 20.1957, 5.6414],
			"rotation": {"angle": -45, "axis": "x", "origin": [3.75, 15.1957, 8.6957]},
			"faces": {
				"north": {"uv": [3.25, 0.25, 3.75, 0.75], "rotation": 270, "texture": "#2"},
				"east": {"uv": [3.25, 0.25, 3.75, 0.75], "rotation": 90, "texture": "#2"},
				"south": {"uv": [3.25, 0.25, 3.75, 0.75], "rotation": 270, "texture": "#2"},
				"west": {"uv": [3.25, 0.25, 3.75, 0.75], "rotation": 270, "texture": "#2"},
				"up": {"uv": [3.25, 0.25, 3.75, 0.75], "texture": "#2"},
				"down": {"uv": [3.25, 0.25, 3.75, 0.75], "rotation": 180, "texture": "#2"}
			}
		},
		{
			"name": "voxel",
			"from": [11.5457, 10.1957, 3.6414],
			"to": [12.5457, 11.1957, 4.6414],
			"rotation": {"angle": -45, "axis": "x", "origin": [3.75, 15.1957, 8.6957]},
			"faces": {
				"north": {"uv": [1.25, 0.25, 1.75, 0.75], "rotation": 270, "texture": "#2"},
				"east": {"uv": [1.25, 0.25, 1.75, 0.75], "rotation": 90, "texture": "#2"},
				"south": {"uv": [1.25, 0.25, 1.75, 0.75], "rotation": 270, "texture": "#2"},
				"west": {"uv": [1.25, 0.25, 1.75, 0.75], "rotation": 270, "texture": "#2"},
				"up": {"uv": [1.25, 0.25, 1.75, 0.75], "texture": "#2"},
				"down": {"uv": [1.25, 0.25, 1.75, 0.75], "rotation": 180, "texture": "#2"}
			}
		},
		{
			"name": "voxel",
			"from": [11.5457, 11.1957, 3.6414],
			"to": [12.5457, 12.1957, 4.6414],
			"rotation": {"angle": -45, "axis": "x", "origin": [3.75, 15.1957, 8.6957]},
			"faces": {
				"north": {"uv": [0.25, 0.25, 0.75, 0.75], "rotation": 270, "texture": "#2"},
				"east": {"uv": [0.25, 0.25, 0.75, 0.75], "rotation": 90, "texture": "#2"},
				"south": {"uv": [0.25, 0.25, 0.75, 0.75], "rotation": 270, "texture": "#2"},
				"west": {"uv": [0.25, 0.25, 0.75, 0.75], "rotation": 270, "texture": "#2"},
				"up": {"uv": [0.25, 0.25, 0.75, 0.75], "texture": "#2"},
				"down": {"uv": [0.25, 0.25, 0.75, 0.75], "rotation": 180, "texture": "#2"}
			}
		},
		{
			"name": "voxel",
			"from": [11.5457, 12.1957, 3.6414],
			"to": [12.5457, 13.1957, 4.6414],
			"rotation": {"angle": -45, "axis": "x", "origin": [3.75, 15.1957, 8.6957]},
			"faces": {
				"north": {"uv": [2.25, 0.25, 2.75, 0.75], "rotation": 270, "texture": "#2"},
				"east": {"uv": [2.25, 0.25, 2.75, 0.75], "rotation": 90, "texture": "#2"},
				"south": {"uv": [2.25, 0.25, 2.75, 0.75], "rotation": 270, "texture": "#2"},
				"west": {"uv": [2.25, 0.25, 2.75, 0.75], "rotation": 270, "texture": "#2"},
				"up": {"uv": [2.25, 0.25, 2.75, 0.75], "texture": "#2"},
				"down": {"uv": [2.25, 0.25, 2.75, 0.75], "rotation": 180, "texture": "#2"}
			}
		},
		{
			"name": "voxel",
			"from": [11.5457, 13.1957, 3.6414],
			"to": [12.5457, 14.1957, 4.6414],
			"rotation": {"angle": -45, "axis": "x", "origin": [3.75, 15.1957, 8.6957]},
			"faces": {
				"north": {"uv": [5.25, 0.25, 5.75, 0.75], "rotation": 270, "texture": "#2"},
				"east": {"uv": [5.25, 0.25, 5.75, 0.75], "rotation": 90, "texture": "#2"},
				"south": {"uv": [5.25, 0.25, 5.75, 0.75], "rotation": 270, "texture": "#2"},
				"west": {"uv": [5.25, 0.25, 5.75, 0.75], "rotation": 270, "texture": "#2"},
				"up": {"uv": [5.25, 0.25, 5.75, 0.75], "texture": "#2"},
				"down": {"uv": [5.25, 0.25, 5.75, 0.75], "rotation": 180, "texture": "#2"}
			}
		},
		{
			"name": "voxel",
			"from": [11.5457, 10.1957, 2.6414],
			"to": [12.5457, 11.1957, 3.6414],
			"rotation": {"angle": -45, "axis": "x", "origin": [3.75, 15.1957, 8.6957]},
			"faces": {
				"north": {"uv": [0.25, 0.25, 0.75, 0.75], "rotation": 270, "texture": "#2"},
				"east": {"uv": [0.25, 0.25, 0.75, 0.75], "rotation": 90, "texture": "#2"},
				"south": {"uv": [0.25, 0.25, 0.75, 0.75], "rotation": 270, "texture": "#2"},
				"west": {"uv": [0.25, 0.25, 0.75, 0.75], "rotation": 270, "texture": "#2"},
				"up": {"uv": [0.25, 0.25, 0.75, 0.75], "texture": "#2"},
				"down": {"uv": [0.25, 0.25, 0.75, 0.75], "rotation": 180, "texture": "#2"}
			}
		},
		{
			"name": "voxel",
			"from": [11.5457, 11.1957, 2.6414],
			"to": [12.5457, 12.1957, 3.6414],
			"rotation": {"angle": -45, "axis": "x", "origin": [3.75, 15.1957, 8.6957]},
			"faces": {
				"north": {"uv": [2.25, 0.25, 2.75, 0.75], "rotation": 270, "texture": "#2"},
				"east": {"uv": [2.25, 0.25, 2.75, 0.75], "rotation": 90, "texture": "#2"},
				"south": {"uv": [2.25, 0.25, 2.75, 0.75], "rotation": 270, "texture": "#2"},
				"west": {"uv": [2.25, 0.25, 2.75, 0.75], "rotation": 270, "texture": "#2"},
				"up": {"uv": [2.25, 0.25, 2.75, 0.75], "texture": "#2"},
				"down": {"uv": [2.25, 0.25, 2.75, 0.75], "rotation": 180, "texture": "#2"}
			}
		},
		{
			"name": "voxel",
			"from": [11.5457, 12.1957, 2.6414],
			"to": [12.5457, 13.1957, 3.6414],
			"rotation": {"angle": -45, "axis": "x", "origin": [3.75, 15.1957, 8.6957]},
			"faces": {
				"north": {"uv": [5.25, 0.25, 5.75, 0.75], "rotation": 270, "texture": "#2"},
				"east": {"uv": [5.25, 0.25, 5.75, 0.75], "rotation": 90, "texture": "#2"},
				"south": {"uv": [5.25, 0.25, 5.75, 0.75], "rotation": 270, "texture": "#2"},
				"west": {"uv": [5.25, 0.25, 5.75, 0.75], "rotation": 270, "texture": "#2"},
				"up": {"uv": [5.25, 0.25, 5.75, 0.75], "texture": "#2"},
				"down": {"uv": [5.25, 0.25, 5.75, 0.75], "rotation": 180, "texture": "#2"}
			}
		},
		{
			"name": "voxel",
			"from": [11.5457, 13.1957, 2.6414],
			"to": [12.5457, 14.1957, 3.6414],
			"rotation": {"angle": -45, "axis": "x", "origin": [3.75, 15.1957, 8.6957]},
			"faces": {
				"north": {"uv": [4.25, 0.25, 4.75, 0.75], "rotation": 270, "texture": "#2"},
				"east": {"uv": [4.25, 0.25, 4.75, 0.75], "rotation": 90, "texture": "#2"},
				"south": {"uv": [4.25, 0.25, 4.75, 0.75], "rotation": 270, "texture": "#2"},
				"west": {"uv": [4.25, 0.25, 4.75, 0.75], "rotation": 270, "texture": "#2"},
				"up": {"uv": [4.25, 0.25, 4.75, 0.75], "texture": "#2"},
				"down": {"uv": [4.25, 0.25, 4.75, 0.75], "rotation": 180, "texture": "#2"}
			}
		},
		{
			"name": "voxel",
			"from": [11.5457, 14.1957, 2.6414],
			"to": [12.5457, 17.1957, 3.6414],
			"rotation": {"angle": -45, "axis": "x", "origin": [3.75, 15.1957, 8.6957]},
			"faces": {
				"north": {"uv": [0.25, 0.25, 0.75, 0.75], "rotation": 270, "texture": "#2"},
				"east": {"uv": [0.25, 0.25, 0.75, 0.75], "rotation": 90, "texture": "#2"},
				"south": {"uv": [0.25, 0.25, 0.75, 0.75], "rotation": 270, "texture": "#2"},
				"west": {"uv": [0.25, 0.25, 0.75, 0.75], "rotation": 270, "texture": "#2"},
				"up": {"uv": [0.25, 0.25, 0.75, 0.75], "texture": "#2"},
				"down": {"uv": [0.25, 0.25, 0.75, 0.75], "rotation": 180, "texture": "#2"}
			}
		},
		{
			"name": "voxel",
			"from": [11.5457, 20.1957, 2.6414],
			"to": [12.5457, 21.1957, 3.6414],
			"rotation": {"angle": -45, "axis": "x", "origin": [3.75, 15.1957, 8.6957]},
			"faces": {
				"north": {"uv": [3.25, 0.25, 3.75, 0.75], "rotation": 270, "texture": "#2"},
				"east": {"uv": [3.25, 0.25, 3.75, 0.75], "rotation": 90, "texture": "#2"},
				"south": {"uv": [3.25, 0.25, 3.75, 0.75], "rotation": 270, "texture": "#2"},
				"west": {"uv": [3.25, 0.25, 3.75, 0.75], "rotation": 270, "texture": "#2"},
				"up": {"uv": [3.25, 0.25, 3.75, 0.75], "texture": "#2"},
				"down": {"uv": [3.25, 0.25, 3.75, 0.75], "rotation": 180, "texture": "#2"}
			}
		},
		{
			"name": "voxel",
			"from": [11.5457, 9.1957, 1.6414],
			"to": [12.5457, 10.1957, 2.6414],
			"rotation": {"angle": -45, "axis": "x", "origin": [3.75, 15.1957, 8.6957]},
			"faces": {
				"north": {"uv": [0.25, 0.25, 0.75, 0.75], "rotation": 270, "texture": "#2"},
				"east": {"uv": [0.25, 0.25, 0.75, 0.75], "rotation": 90, "texture": "#2"},
				"south": {"uv": [0.25, 0.25, 0.75, 0.75], "rotation": 270, "texture": "#2"},
				"west": {"uv": [0.25, 0.25, 0.75, 0.75], "rotation": 270, "texture": "#2"},
				"up": {"uv": [0.25, 0.25, 0.75, 0.75], "texture": "#2"},
				"down": {"uv": [0.25, 0.25, 0.75, 0.75], "rotation": 180, "texture": "#2"}
			}
		},
		{
			"name": "voxel",
			"from": [11.5457, 10.1957, 1.6414],
			"to": [12.5457, 11.1957, 2.6414],
			"rotation": {"angle": -45, "axis": "x", "origin": [3.75, 15.1957, 8.6957]},
			"faces": {
				"north": {"uv": [2.25, 0.25, 2.75, 0.75], "rotation": 270, "texture": "#2"},
				"east": {"uv": [2.25, 0.25, 2.75, 0.75], "rotation": 90, "texture": "#2"},
				"south": {"uv": [2.25, 0.25, 2.75, 0.75], "rotation": 270, "texture": "#2"},
				"west": {"uv": [2.25, 0.25, 2.75, 0.75], "rotation": 270, "texture": "#2"},
				"up": {"uv": [2.25, 0.25, 2.75, 0.75], "texture": "#2"},
				"down": {"uv": [2.25, 0.25, 2.75, 0.75], "rotation": 180, "texture": "#2"}
			}
		},
		{
			"name": "voxel",
			"from": [11.5457, 12.1957, 1.6414],
			"to": [12.5457, 14.1957, 2.6414],
			"rotation": {"angle": -45, "axis": "x", "origin": [3.75, 15.1957, 8.6957]},
			"faces": {
				"north": {"uv": [1.25, 0.25, 1.75, 0.75], "rotation": 270, "texture": "#2"},
				"east": {"uv": [1.25, 0.25, 1.75, 0.75], "rotation": 90, "texture": "#2"},
				"south": {"uv": [1.25, 0.25, 1.75, 0.75], "rotation": 270, "texture": "#2"},
				"west": {"uv": [1.25, 0.25, 1.75, 0.75], "rotation": 270, "texture": "#2"},
				"up": {"uv": [1.25, 0.25, 1.75, 0.75], "texture": "#2"},
				"down": {"uv": [1.25, 0.25, 1.75, 0.75], "rotation": 180, "texture": "#2"}
			}
		},
		{
			"name": "voxel",
			"from": [11.5457, 14.1957, 1.6414],
			"to": [12.5457, 15.1957, 2.6414],
			"rotation": {"angle": -45, "axis": "x", "origin": [3.75, 15.1957, 8.6957]},
			"faces": {
				"north": {"uv": [2.25, 0.25, 2.75, 0.75], "rotation": 270, "texture": "#2"},
				"east": {"uv": [2.25, 0.25, 2.75, 0.75], "rotation": 90, "texture": "#2"},
				"south": {"uv": [2.25, 0.25, 2.75, 0.75], "rotation": 270, "texture": "#2"},
				"west": {"uv": [2.25, 0.25, 2.75, 0.75], "rotation": 270, "texture": "#2"},
				"up": {"uv": [2.25, 0.25, 2.75, 0.75], "texture": "#2"},
				"down": {"uv": [2.25, 0.25, 2.75, 0.75], "rotation": 180, "texture": "#2"}
			}
		},
		{
			"name": "voxel",
			"from": [11.5457, 15.1957, 1.6414],
			"to": [12.5457, 16.1957, 2.6414],
			"rotation": {"angle": -45, "axis": "x", "origin": [3.75, 15.1957, 8.6957]},
			"faces": {
				"north": {"uv": [4.25, 0.25, 4.75, 0.75], "rotation": 270, "texture": "#2"},
				"east": {"uv": [4.25, 0.25, 4.75, 0.75], "rotation": 90, "texture": "#2"},
				"south": {"uv": [4.25, 0.25, 4.75, 0.75], "rotation": 270, "texture": "#2"},
				"west": {"uv": [4.25, 0.25, 4.75, 0.75], "rotation": 270, "texture": "#2"},
				"up": {"uv": [4.25, 0.25, 4.75, 0.75], "texture": "#2"},
				"down": {"uv": [4.25, 0.25, 4.75, 0.75], "rotation": 180, "texture": "#2"}
			}
		},
		{
			"name": "voxel",
			"from": [11.5457, 16.1957, 1.6414],
			"to": [12.5457, 17.1957, 2.6414],
			"rotation": {"angle": -45, "axis": "x", "origin": [3.75, 15.1957, 8.6957]},
			"faces": {
				"north": {"uv": [2.25, 0.25, 2.75, 0.75], "rotation": 270, "texture": "#2"},
				"east": {"uv": [2.25, 0.25, 2.75, 0.75], "rotation": 90, "texture": "#2"},
				"south": {"uv": [2.25, 0.25, 2.75, 0.75], "rotation": 270, "texture": "#2"},
				"west": {"uv": [2.25, 0.25, 2.75, 0.75], "rotation": 270, "texture": "#2"},
				"up": {"uv": [2.25, 0.25, 2.75, 0.75], "texture": "#2"},
				"down": {"uv": [2.25, 0.25, 2.75, 0.75], "rotation": 180, "texture": "#2"}
			}
		},
		{
			"name": "voxel",
			"from": [11.5457, 17.1957, 1.6414],
			"to": [12.5457, 21.1957, 2.6414],
			"rotation": {"angle": -45, "axis": "x", "origin": [3.75, 15.1957, 8.6957]},
			"faces": {
				"north": {"uv": [0.25, 0.25, 0.75, 0.75], "rotation": 270, "texture": "#2"},
				"east": {"uv": [0.25, 0.25, 0.75, 0.75], "rotation": 90, "texture": "#2"},
				"south": {"uv": [0.25, 0.25, 0.75, 0.75], "rotation": 270, "texture": "#2"},
				"west": {"uv": [0.25, 0.25, 0.75, 0.75], "rotation": 270, "texture": "#2"},
				"up": {"uv": [0.25, 0.25, 0.75, 0.75], "texture": "#2"},
				"down": {"uv": [0.25, 0.25, 0.75, 0.75], "rotation": 180, "texture": "#2"}
			}
		},
		{
			"name": "voxel",
			"from": [11.5457, 8.1957, 0.6414],
			"to": [12.5457, 9.1957, 1.6414],
			"rotation": {"angle": -45, "axis": "x", "origin": [3.75, 15.1957, 8.6957]},
			"faces": {
				"north": {"uv": [0.25, 0.25, 0.75, 0.75], "rotation": 270, "texture": "#2"},
				"east": {"uv": [0.25, 0.25, 0.75, 0.75], "rotation": 90, "texture": "#2"},
				"south": {"uv": [0.25, 0.25, 0.75, 0.75], "rotation": 270, "texture": "#2"},
				"west": {"uv": [0.25, 0.25, 0.75, 0.75], "rotation": 270, "texture": "#2"},
				"up": {"uv": [0.25, 0.25, 0.75, 0.75], "texture": "#2"},
				"down": {"uv": [0.25, 0.25, 0.75, 0.75], "rotation": 180, "texture": "#2"}
			}
		},
		{
			"name": "voxel",
			"from": [11.5457, 9.1957, 0.6414],
			"to": [12.5457, 10.1957, 1.6414],
			"rotation": {"angle": -45, "axis": "x", "origin": [3.75, 15.1957, 8.6957]},
			"faces": {
				"north": {"uv": [2.25, 0.25, 2.75, 0.75], "rotation": 270, "texture": "#2"},
				"east": {"uv": [2.25, 0.25, 2.75, 0.75], "rotation": 90, "texture": "#2"},
				"south": {"uv": [2.25, 0.25, 2.75, 0.75], "rotation": 270, "texture": "#2"},
				"west": {"uv": [2.25, 0.25, 2.75, 0.75], "rotation": 270, "texture": "#2"},
				"up": {"uv": [2.25, 0.25, 2.75, 0.75], "texture": "#2"},
				"down": {"uv": [2.25, 0.25, 2.75, 0.75], "rotation": 180, "texture": "#2"}
			}
		},
		{
			"name": "voxel",
			"from": [11.5457, 14.1957, 0.6414],
			"to": [12.5457, 17.1957, 1.6414],
			"rotation": {"angle": -45, "axis": "x", "origin": [3.75, 15.1957, 8.6957]},
			"faces": {
				"north": {"uv": [1.25, 0.25, 1.75, 0.75], "rotation": 270, "texture": "#2"},
				"east": {"uv": [1.25, 0.25, 1.75, 0.75], "rotation": 90, "texture": "#2"},
				"south": {"uv": [1.25, 0.25, 1.75, 0.75], "rotation": 270, "texture": "#2"},
				"west": {"uv": [1.25, 0.25, 1.75, 0.75], "rotation": 270, "texture": "#2"},
				"up": {"uv": [1.25, 0.25, 1.75, 0.75], "texture": "#2"},
				"down": {"uv": [1.25, 0.25, 1.75, 0.75], "rotation": 180, "texture": "#2"}
			}
		},
		{
			"name": "voxel",
			"from": [11.5457, 17.1957, 0.6414],
			"to": [12.5457, 18.1957, 1.6414],
			"rotation": {"angle": -45, "axis": "x", "origin": [3.75, 15.1957, 8.6957]},
			"faces": {
				"north": {"uv": [2.25, 0.25, 2.75, 0.75], "rotation": 270, "texture": "#2"},
				"east": {"uv": [2.25, 0.25, 2.75, 0.75], "rotation": 90, "texture": "#2"},
				"south": {"uv": [2.25, 0.25, 2.75, 0.75], "rotation": 270, "texture": "#2"},
				"west": {"uv": [2.25, 0.25, 2.75, 0.75], "rotation": 270, "texture": "#2"},
				"up": {"uv": [2.25, 0.25, 2.75, 0.75], "texture": "#2"},
				"down": {"uv": [2.25, 0.25, 2.75, 0.75], "rotation": 180, "texture": "#2"}
			}
		},
		{
			"name": "voxel",
			"from": [11.5457, 18.1957, 0.6414],
			"to": [12.5457, 20.1957, 1.6414],
			"rotation": {"angle": -45, "axis": "x", "origin": [3.75, 15.1957, 8.6957]},
			"faces": {
				"north": {"uv": [4.25, 0.25, 4.75, 0.75], "rotation": 270, "texture": "#2"},
				"east": {"uv": [4.25, 0.25, 4.75, 0.75], "rotation": 90, "texture": "#2"},
				"south": {"uv": [4.25, 0.25, 4.75, 0.75], "rotation": 270, "texture": "#2"},
				"west": {"uv": [4.25, 0.25, 4.75, 0.75], "rotation": 270, "texture": "#2"},
				"up": {"uv": [4.25, 0.25, 4.75, 0.75], "texture": "#2"},
				"down": {"uv": [4.25, 0.25, 4.75, 0.75], "rotation": 180, "texture": "#2"}
			}
		},
		{
			"name": "voxel",
			"from": [11.5457, 20.1957, 0.6414],
			"to": [12.5457, 21.1957, 1.6414],
			"rotation": {"angle": -45, "axis": "x", "origin": [3.75, 15.1957, 8.6957]},
			"faces": {
				"north": {"uv": [2.25, 0.25, 2.75, 0.75], "rotation": 270, "texture": "#2"},
				"east": {"uv": [2.25, 0.25, 2.75, 0.75], "rotation": 90, "texture": "#2"},
				"south": {"uv": [2.25, 0.25, 2.75, 0.75], "rotation": 270, "texture": "#2"},
				"west": {"uv": [2.25, 0.25, 2.75, 0.75], "rotation": 270, "texture": "#2"},
				"up": {"uv": [2.25, 0.25, 2.75, 0.75], "texture": "#2"},
				"down": {"uv": [2.25, 0.25, 2.75, 0.75], "rotation": 180, "texture": "#2"}
			}
		},
		{
			"name": "voxel",
			"from": [11.5457, 21.1957, 0.6414],
			"to": [12.5457, 22.1957, 1.6414],
			"rotation": {"angle": -45, "axis": "x", "origin": [3.75, 15.1957, 8.6957]},
			"faces": {
				"north": {"uv": [0.25, 0.25, 0.75, 0.75], "rotation": 270, "texture": "#2"},
				"east": {"uv": [0.25, 0.25, 0.75, 0.75], "rotation": 90, "texture": "#2"},
				"south": {"uv": [0.25, 0.25, 0.75, 0.75], "rotation": 270, "texture": "#2"},
				"west": {"uv": [0.25, 0.25, 0.75, 0.75], "rotation": 270, "texture": "#2"},
				"up": {"uv": [0.25, 0.25, 0.75, 0.75], "texture": "#2"},
				"down": {"uv": [0.25, 0.25, 0.75, 0.75], "rotation": 180, "texture": "#2"}
			}
		},
		{
			"name": "voxel",
			"from": [11.5457, 7.1957, -0.3586],
			"to": [12.5457, 8.1957, 0.6414],
			"rotation": {"angle": -45, "axis": "x", "origin": [3.75, 15.1957, 8.6957]},
			"faces": {
				"north": {"uv": [7.25, 0.25, 7.75, 0.75], "rotation": 270, "texture": "#2"},
				"east": {"uv": [7.25, 0.25, 7.75, 0.75], "rotation": 90, "texture": "#2"},
				"south": {"uv": [7.25, 0.25, 7.75, 0.75], "rotation": 270, "texture": "#2"},
				"west": {"uv": [7.25, 0.25, 7.75, 0.75], "rotation": 270, "texture": "#2"},
				"up": {"uv": [7.25, 0.25, 7.75, 0.75], "texture": "#2"},
				"down": {"uv": [7.25, 0.25, 7.75, 0.75], "rotation": 180, "texture": "#2"}
			}
		},
		{
			"name": "voxel",
			"from": [11.5457, 8.1957, -0.3586],
			"to": [12.5457, 9.1957, 0.6414],
			"rotation": {"angle": -45, "axis": "x", "origin": [3.75, 15.1957, 8.6957]},
			"faces": {
				"north": {"uv": [8.25, 0.25, 8.75, 0.75], "rotation": 270, "texture": "#2"},
				"east": {"uv": [8.25, 0.25, 8.75, 0.75], "rotation": 90, "texture": "#2"},
				"south": {"uv": [8.25, 0.25, 8.75, 0.75], "rotation": 270, "texture": "#2"},
				"west": {"uv": [8.25, 0.25, 8.75, 0.75], "rotation": 270, "texture": "#2"},
				"up": {"uv": [8.25, 0.25, 8.75, 0.75], "texture": "#2"},
				"down": {"uv": [8.25, 0.25, 8.75, 0.75], "rotation": 180, "texture": "#2"}
			}
		},
		{
			"name": "voxel",
			"from": [11.5457, 17.1957, -0.3586],
			"to": [12.5457, 21.1957, 0.6414],
			"rotation": {"angle": -45, "axis": "x", "origin": [3.75, 15.1957, 8.6957]},
			"faces": {
				"north": {"uv": [1.25, 0.25, 1.75, 0.75], "rotation": 270, "texture": "#2"},
				"east": {"uv": [1.25, 0.25, 1.75, 0.75], "rotation": 90, "texture": "#2"},
				"south": {"uv": [1.25, 0.25, 1.75, 0.75], "rotation": 270, "texture": "#2"},
				"west": {"uv": [1.25, 0.25, 1.75, 0.75], "rotation": 270, "texture": "#2"},
				"up": {"uv": [1.25, 0.25, 1.75, 0.75], "texture": "#2"},
				"down": {"uv": [1.25, 0.25, 1.75, 0.75], "rotation": 180, "texture": "#2"}
			}
		},
		{
			"name": "voxel",
			"from": [11.5457, 7.1957, -1.3586],
			"to": [12.5457, 8.1957, -0.3586],
			"rotation": {"angle": -45, "axis": "x", "origin": [3.75, 15.1957, 8.6957]},
			"faces": {
				"north": {"uv": [9.25, 0.25, 9.75, 0.75], "rotation": 270, "texture": "#2"},
				"east": {"uv": [9.25, 0.25, 9.75, 0.75], "rotation": 90, "texture": "#2"},
				"south": {"uv": [9.25, 0.25, 9.75, 0.75], "rotation": 270, "texture": "#2"},
				"west": {"uv": [9.25, 0.25, 9.75, 0.75], "rotation": 270, "texture": "#2"},
				"up": {"uv": [9.25, 0.25, 9.75, 0.75], "texture": "#2"},
				"down": {"uv": [9.25, 0.25, 9.75, 0.75], "rotation": 180, "texture": "#2"}
			}
		}
	],
	"display": {
		"thirdperson_righthand": {
			"rotation": [90, 0, 0],
			"translation": [-5, -2, -1]
		},
		"thirdperson_lefthand": {
			"rotation": [90, 0, 0],
			"translation": [5, -2, -1]
		},
		"firstperson_righthand": {
			"rotation": [0, 111, 0],
			"scale": [0.4, 0.4, 0.4]
		},
		"firstperson_lefthand": {
			"rotation": [0, 132, 0],
			"scale": [0.4, 0.4, 0.4]
		},
		"ground": {
			"translation": [0, 3, 0],
			"scale": [0.25, 0.25, 0.25]
		},
		"gui": {
			"rotation": [30, 225, 0],
			"translation": [0, -2, 0],
			"scale": [0.5, 0.5, 0.5]
		},
		"head": {
			"translation": [0, -27.25, 0],
			"scale": [1.6, 1.6, 1.6]
		},
		"fixed": {
			"scale": [0.5, 0.5, 0.5]
		}
	},
	"groups": [0,
		{
			"name": "bp0",
			"origin": [8, 11.1957, 8],
			"children": [1, 2, 3, 4, 5, 6, 7, 8, 9, 10, 11, 12, 13, 14, 15, 16, 17, 18, 19, 20, 21, 22, 23, 24, 25, 26, 27, 28, 29, 30, 31, 32, 33, 34, 35, 36, 37, 38, 39, 40, 41, 42, 43, 44, 45, 46, 47, 48, 49, 50, 51, 52, 53, 54, 55, 56, 57, 58, 59, 60]
		}
	]
}