{
	"credit": "Made By BronGhast014 with Blockbench",
	"textures": {
		"0": "mobs/jungle_skeleton_hurt",
		"5": "mobs/weapons/voxel_atlas_2",
		"particle": "mobs/weapons/voxel_atlas_2"
	},
	"elements": [
		{
			"name": "R Arm",
			"from": [2, 9, 7],
			"to": [4, 21, 9],
			"faces": {
				"north": {"uv": [4.5, 9, 5.5, 15], "texture": "#0"},
				"east": {"uv": [0, 9, 1, 15], "texture": "#0"},
				"south": {"uv": [6, 9, 7, 15], "texture": "#0"},
				"west": {"uv": [5, 9, 6, 15], "texture": "#0"},
				"up": {"uv": [1, 8, 2, 9], "texture": "#0"},
				"down": {"uv": [1, 8, 2, 9], "texture": "#0"}
			}
		},
		{
			"name": "voxel",
			"from": [3.32143, 1.21429, 16.07143],
			"to": [4.46429, 2.35714, 17.21429],
			"rotation": {"angle": -45, "axis": "x", "origin": [7, 10, 0.5]},
			"faces": {
				"north": {"uv": [0.25, 0.25, 0.75, 0.75], "rotation": 270, "texture": "#5"},
				"east": {"uv": [0.25, 0.25, 0.75, 0.75], "rotation": 90, "texture": "#5"},
				"south": {"uv": [0.25, 0.25, 0.75, 0.75], "rotation": 270, "texture": "#5"},
				"west": {"uv": [0.25, 0.25, 0.75, 0.75], "rotation": 270, "texture": "#5"},
				"up": {"uv": [0.25, 0.25, 0.75, 0.75], "texture": "#5"},
				"down": {"uv": [0.25, 0.25, 0.75, 0.75], "rotation": 180, "texture": "#5"}
			}
		},
		{
			"name": "voxel",
			"from": [3.32143, 0.07143, 14.92857],
			"to": [4.46429, 1.21429, 16.07143],
			"rotation": {"angle": -45, "axis": "x", "origin": [7, 10, 0.5]},
			"faces": {
				"north": {"uv": [1.25, 0.25, 1.75, 0.75], "rotation": 270, "texture": "#5"},
				"east": {"uv": [1.25, 0.25, 1.75, 0.75], "rotation": 90, "texture": "#5"},
				"south": {"uv": [1.25, 0.25, 1.75, 0.75], "rotation": 270, "texture": "#5"},
				"west": {"uv": [1.25, 0.25, 1.75, 0.75], "rotation": 270, "texture": "#5"},
				"up": {"uv": [1.25, 0.25, 1.75, 0.75], "texture": "#5"},
				"down": {"uv": [1.25, 0.25, 1.75, 0.75], "rotation": 180, "texture": "#5"}
			}
		},
		{
			"name": "voxel",
			"from": [3.32143, 1.21429, 13.78571],
			"to": [4.46429, 2.35714, 16.07143],
			"rotation": {"angle": -45, "axis": "x", "origin": [7, 10, 0.5]},
			"faces": {
				"north": {"uv": [2.25, 0.25, 2.75, 0.75], "rotation": 270, "texture": "#5"},
				"east": {"uv": [2.25, 0.25, 2.75, 0.75], "rotation": 90, "texture": "#5"},
				"south": {"uv": [2.25, 0.25, 2.75, 0.75], "rotation": 270, "texture": "#5"},
				"west": {"uv": [2.25, 0.25, 2.75, 0.75], "rotation": 270, "texture": "#5"},
				"up": {"uv": [2.25, 0.25, 2.75, 0.75], "texture": "#5"},
				"down": {"uv": [2.25, 0.25, 2.75, 0.75], "rotation": 180, "texture": "#5"}
			}
		},
		{
			"name": "voxel",
			"from": [3.32143, 2.35714, 14.92857],
			"to": [4.46429, 3.5, 16.07143],
			"rotation": {"angle": -45, "axis": "x", "origin": [7, 10, 0.5]},
			"faces": {
				"north": {"uv": [3.25, 0.25, 3.75, 0.75], "rotation": 270, "texture": "#5"},
				"east": {"uv": [3.25, 0.25, 3.75, 0.75], "rotation": 90, "texture": "#5"},
				"south": {"uv": [3.25, 0.25, 3.75, 0.75], "rotation": 270, "texture": "#5"},
				"west": {"uv": [3.25, 0.25, 3.75, 0.75], "rotation": 270, "texture": "#5"},
				"up": {"uv": [3.25, 0.25, 3.75, 0.75], "texture": "#5"},
				"down": {"uv": [3.25, 0.25, 3.75, 0.75], "rotation": 180, "texture": "#5"}
			}
		},
		{
			"name": "voxel",
			"from": [3.32143, 3.5, 14.92857],
			"to": [4.46429, 5.78571, 16.07143],
			"rotation": {"angle": -45, "axis": "x", "origin": [7, 10, 0.5]},
			"faces": {
				"north": {"uv": [4.25, 0.25, 4.75, 0.75], "rotation": 270, "texture": "#5"},
				"east": {"uv": [4.25, 0.25, 4.75, 0.75], "rotation": 90, "texture": "#5"},
				"south": {"uv": [4.25, 0.25, 4.75, 0.75], "rotation": 270, "texture": "#5"},
				"west": {"uv": [4.25, 0.25, 4.75, 0.75], "rotation": 270, "texture": "#5"},
				"up": {"uv": [4.25, 0.25, 4.75, 0.75], "texture": "#5"},
				"down": {"uv": [4.25, 0.25, 4.75, 0.75], "rotation": 180, "texture": "#5"}
			}
		},
		{
			"name": "voxel",
			"from": [3.32143, 0.07143, 13.78571],
			"to": [4.46429, 1.21429, 14.92857],
			"rotation": {"angle": -45, "axis": "x", "origin": [7, 10, 0.5]},
			"faces": {
				"north": {"uv": [2.25, 0.25, 2.75, 0.75], "rotation": 270, "texture": "#5"},
				"east": {"uv": [2.25, 0.25, 2.75, 0.75], "rotation": 90, "texture": "#5"},
				"south": {"uv": [2.25, 0.25, 2.75, 0.75], "rotation": 270, "texture": "#5"},
				"west": {"uv": [2.25, 0.25, 2.75, 0.75], "rotation": 270, "texture": "#5"},
				"up": {"uv": [2.25, 0.25, 2.75, 0.75], "texture": "#5"},
				"down": {"uv": [2.25, 0.25, 2.75, 0.75], "rotation": 180, "texture": "#5"}
			}
		},
		{
			"name": "voxel",
			"from": [3.32143, 2.35714, 13.78571],
			"to": [4.46429, 3.5, 14.92857],
			"rotation": {"angle": -45, "axis": "x", "origin": [7, 10, 0.5]},
			"faces": {
				"north": {"uv": [5.25, 0.25, 5.75, 0.75], "rotation": 270, "texture": "#5"},
				"east": {"uv": [5.25, 0.25, 5.75, 0.75], "rotation": 90, "texture": "#5"},
				"south": {"uv": [5.25, 0.25, 5.75, 0.75], "rotation": 270, "texture": "#5"},
				"west": {"uv": [5.25, 0.25, 5.75, 0.75], "rotation": 270, "texture": "#5"},
				"up": {"uv": [5.25, 0.25, 5.75, 0.75], "texture": "#5"},
				"down": {"uv": [5.25, 0.25, 5.75, 0.75], "rotation": 180, "texture": "#5"}
			}
		},
		{
			"name": "voxel",
			"from": [3.32143, 5.78571, 13.78571],
			"to": [4.46429, 9.21429, 14.92857],
			"rotation": {"angle": -45, "axis": "x", "origin": [7, 10, 0.5]},
			"faces": {
				"north": {"uv": [4.25, 0.25, 4.75, 0.75], "rotation": 270, "texture": "#5"},
				"east": {"uv": [4.25, 0.25, 4.75, 0.75], "rotation": 90, "texture": "#5"},
				"south": {"uv": [4.25, 0.25, 4.75, 0.75], "rotation": 270, "texture": "#5"},
				"west": {"uv": [4.25, 0.25, 4.75, 0.75], "rotation": 270, "texture": "#5"},
				"up": {"uv": [4.25, 0.25, 4.75, 0.75], "texture": "#5"},
				"down": {"uv": [4.25, 0.25, 4.75, 0.75], "rotation": 180, "texture": "#5"}
			}
		},
		{
			"name": "voxel",
			"from": [3.32143, 9.21429, 13.78571],
			"to": [4.46429, 10.35714, 14.92857],
			"rotation": {"angle": -45, "axis": "x", "origin": [7, 10, 0.5]},
			"faces": {
				"north": {"uv": [6.25, 0.25, 6.75, 0.75], "rotation": 270, "texture": "#5"},
				"east": {"uv": [6.25, 0.25, 6.75, 0.75], "rotation": 90, "texture": "#5"},
				"south": {"uv": [6.25, 0.25, 6.75, 0.75], "rotation": 270, "texture": "#5"},
				"west": {"uv": [6.25, 0.25, 6.75, 0.75], "rotation": 270, "texture": "#5"},
				"up": {"uv": [6.25, 0.25, 6.75, 0.75], "texture": "#5"},
				"down": {"uv": [6.25, 0.25, 6.75, 0.75], "rotation": 180, "texture": "#5"}
			}
		},
		{
			"name": "voxel",
			"from": [3.32143, 0.07143, 12.64286],
			"to": [4.46429, 1.21429, 13.78571],
			"rotation": {"angle": -45, "axis": "x", "origin": [7, 10, 0.5]},
			"faces": {
				"north": {"uv": [0.25, 0.25, 0.75, 0.75], "rotation": 270, "texture": "#5"},
				"east": {"uv": [0.25, 0.25, 0.75, 0.75], "rotation": 90, "texture": "#5"},
				"south": {"uv": [0.25, 0.25, 0.75, 0.75], "rotation": 270, "texture": "#5"},
				"west": {"uv": [0.25, 0.25, 0.75, 0.75], "rotation": 270, "texture": "#5"},
				"up": {"uv": [0.25, 0.25, 0.75, 0.75], "texture": "#5"},
				"down": {"uv": [0.25, 0.25, 0.75, 0.75], "rotation": 180, "texture": "#5"}
			}
		},
		{
			"name": "voxel",
			"from": [3.32143, 1.21429, 12.64286],
			"to": [4.46429, 2.35714, 13.78571],
			"rotation": {"angle": -45, "axis": "x", "origin": [7, 10, 0.5]},
			"faces": {
				"north": {"uv": [7.25, 0.25, 7.75, 0.75], "rotation": 270, "texture": "#5"},
				"east": {"uv": [7.25, 0.25, 7.75, 0.75], "rotation": 90, "texture": "#5"},
				"south": {"uv": [7.25, 0.25, 7.75, 0.75], "rotation": 270, "texture": "#5"},
				"west": {"uv": [7.25, 0.25, 7.75, 0.75], "rotation": 270, "texture": "#5"},
				"up": {"uv": [7.25, 0.25, 7.75, 0.75], "texture": "#5"},
				"down": {"uv": [7.25, 0.25, 7.75, 0.75], "rotation": 180, "texture": "#5"}
			}
		},
		{
			"name": "voxel",
			"from": [3.32143, 2.35714, 8.07143],
			"to": [4.46429, 3.5, 13.78571],
			"rotation": {"angle": -45, "axis": "x", "origin": [7, 10, 0.5]},
			"faces": {
				"north": {"uv": [8.25, 0.25, 8.75, 0.75], "rotation": 270, "texture": "#5"},
				"east": {"uv": [8.25, 0.25, 8.75, 0.75], "rotation": 90, "texture": "#5"},
				"south": {"uv": [8.25, 0.25, 8.75, 0.75], "rotation": 270, "texture": "#5"},
				"west": {"uv": [8.25, 0.25, 8.75, 0.75], "rotation": 270, "texture": "#5"},
				"up": {"uv": [8.25, 0.25, 8.75, 0.75], "texture": "#5"},
				"down": {"uv": [8.25, 0.25, 8.75, 0.75], "rotation": 180, "texture": "#5"}
			}
		},
		{
			"name": "voxel",
			"from": [3.32143, 9.21429, 12.64286],
			"to": [4.46429, 10.35714, 13.78571],
			"rotation": {"angle": -45, "axis": "x", "origin": [7, 10, 0.5]},
			"faces": {
				"north": {"uv": [7.25, 0.25, 7.75, 0.75], "rotation": 270, "texture": "#5"},
				"east": {"uv": [7.25, 0.25, 7.75, 0.75], "rotation": 90, "texture": "#5"},
				"south": {"uv": [7.25, 0.25, 7.75, 0.75], "rotation": 270, "texture": "#5"},
				"west": {"uv": [7.25, 0.25, 7.75, 0.75], "rotation": 270, "texture": "#5"},
				"up": {"uv": [7.25, 0.25, 7.75, 0.75], "texture": "#5"},
				"down": {"uv": [7.25, 0.25, 7.75, 0.75], "rotation": 180, "texture": "#5"}
			}
		},
		{
			"name": "voxel",
			"from": [3.32143, 10.35714, 12.64286],
			"to": [4.46429, 11.5, 13.78571],
			"rotation": {"angle": -45, "axis": "x", "origin": [7, 10, 0.5]},
			"faces": {
				"north": {"uv": [6.25, 0.25, 6.75, 0.75], "rotation": 270, "texture": "#5"},
				"east": {"uv": [6.25, 0.25, 6.75, 0.75], "rotation": 90, "texture": "#5"},
				"south": {"uv": [6.25, 0.25, 6.75, 0.75], "rotation": 270, "texture": "#5"},
				"west": {"uv": [6.25, 0.25, 6.75, 0.75], "rotation": 270, "texture": "#5"},
				"up": {"uv": [6.25, 0.25, 6.75, 0.75], "texture": "#5"},
				"down": {"uv": [6.25, 0.25, 6.75, 0.75], "rotation": 180, "texture": "#5"}
			}
		},
		{
			"name": "voxel",
			"from": [3.32143, 0.07143, 11.5],
			"to": [4.46429, 1.21429, 12.64286],
			"rotation": {"angle": -45, "axis": "x", "origin": [7, 10, 0.5]},
			"faces": {
				"north": {"uv": [9.25, 0.25, 9.75, 0.75], "rotation": 270, "texture": "#5"},
				"east": {"uv": [9.25, 0.25, 9.75, 0.75], "rotation": 90, "texture": "#5"},
				"south": {"uv": [9.25, 0.25, 9.75, 0.75], "rotation": 270, "texture": "#5"},
				"west": {"uv": [9.25, 0.25, 9.75, 0.75], "rotation": 270, "texture": "#5"},
				"up": {"uv": [9.25, 0.25, 9.75, 0.75], "texture": "#5"},
				"down": {"uv": [9.25, 0.25, 9.75, 0.75], "rotation": 180, "texture": "#5"}
			}
		},
		{
			"name": "voxel",
			"from": [3.32143, 1.21429, 10.35714],
			"to": [4.46429, 2.35714, 12.64286],
			"rotation": {"angle": -45, "axis": "x", "origin": [7, 10, 0.5]},
			"faces": {
				"north": {"uv": [10.25, 0.25, 10.75, 0.75], "rotation": 270, "texture": "#5"},
				"east": {"uv": [10.25, 0.25, 10.75, 0.75], "rotation": 90, "texture": "#5"},
				"south": {"uv": [10.25, 0.25, 10.75, 0.75], "rotation": 270, "texture": "#5"},
				"west": {"uv": [10.25, 0.25, 10.75, 0.75], "rotation": 270, "texture": "#5"},
				"up": {"uv": [10.25, 0.25, 10.75, 0.75], "texture": "#5"},
				"down": {"uv": [10.25, 0.25, 10.75, 0.75], "rotation": 180, "texture": "#5"}
			}
		},
		{
			"name": "voxel",
			"from": [3.32143, 10.35714, 11.5],
			"to": [4.46429, 11.5, 12.64286],
			"rotation": {"angle": -45, "axis": "x", "origin": [7, 10, 0.5]},
			"faces": {
				"north": {"uv": [8.25, 0.25, 8.75, 0.75], "rotation": 270, "texture": "#5"},
				"east": {"uv": [8.25, 0.25, 8.75, 0.75], "rotation": 90, "texture": "#5"},
				"south": {"uv": [8.25, 0.25, 8.75, 0.75], "rotation": 270, "texture": "#5"},
				"west": {"uv": [8.25, 0.25, 8.75, 0.75], "rotation": 270, "texture": "#5"},
				"up": {"uv": [8.25, 0.25, 8.75, 0.75], "texture": "#5"},
				"down": {"uv": [8.25, 0.25, 8.75, 0.75], "rotation": 180, "texture": "#5"}
			}
		},
		{
			"name": "voxel",
			"from": [3.32143, 11.5, 11.5],
			"to": [4.46429, 12.64286, 12.64286],
			"rotation": {"angle": -45, "axis": "x", "origin": [7, 10, 0.5]},
			"faces": {
				"north": {"uv": [10.25, 0.25, 10.75, 0.75], "rotation": 270, "texture": "#5"},
				"east": {"uv": [10.25, 0.25, 10.75, 0.75], "rotation": 90, "texture": "#5"},
				"south": {"uv": [10.25, 0.25, 10.75, 0.75], "rotation": 270, "texture": "#5"},
				"west": {"uv": [10.25, 0.25, 10.75, 0.75], "rotation": 270, "texture": "#5"},
				"up": {"uv": [10.25, 0.25, 10.75, 0.75], "texture": "#5"},
				"down": {"uv": [10.25, 0.25, 10.75, 0.75], "rotation": 180, "texture": "#5"}
			}
		},
		{
			"name": "voxel",
			"from": [3.32143, 0.07143, 8.07143],
			"to": [4.46429, 1.21429, 11.5],
			"rotation": {"angle": -45, "axis": "x", "origin": [7, 10, 0.5]},
			"faces": {
				"north": {"uv": [11.25, 0.25, 11.75, 0.75], "rotation": 270, "texture": "#5"},
				"east": {"uv": [11.25, 0.25, 11.75, 0.75], "rotation": 90, "texture": "#5"},
				"south": {"uv": [11.25, 0.25, 11.75, 0.75], "rotation": 270, "texture": "#5"},
				"west": {"uv": [11.25, 0.25, 11.75, 0.75], "rotation": 270, "texture": "#5"},
				"up": {"uv": [11.25, 0.25, 11.75, 0.75], "texture": "#5"},
				"down": {"uv": [11.25, 0.25, 11.75, 0.75], "rotation": 180, "texture": "#5"}
			}
		},
		{
			"name": "voxel",
			"from": [3.32143, 9.21429, 10.35714],
			"to": [4.46429, 10.35714, 11.5],
			"rotation": {"angle": -45, "axis": "x", "origin": [7, 10, 0.5]},
			"faces": {
				"north": {"uv": [8.25, 0.25, 8.75, 0.75], "rotation": 270, "texture": "#5"},
				"east": {"uv": [8.25, 0.25, 8.75, 0.75], "rotation": 90, "texture": "#5"},
				"south": {"uv": [8.25, 0.25, 8.75, 0.75], "rotation": 270, "texture": "#5"},
				"west": {"uv": [8.25, 0.25, 8.75, 0.75], "rotation": 270, "texture": "#5"},
				"up": {"uv": [8.25, 0.25, 8.75, 0.75], "texture": "#5"},
				"down": {"uv": [8.25, 0.25, 8.75, 0.75], "rotation": 180, "texture": "#5"}
			}
		},
		{
			"name": "voxel",
			"from": [3.32143, 10.35714, 10.35714],
			"to": [4.46429, 11.5, 11.5],
			"rotation": {"angle": -45, "axis": "x", "origin": [7, 10, 0.5]},
			"faces": {
				"north": {"uv": [10.25, 0.25, 10.75, 0.75], "rotation": 270, "texture": "#5"},
				"east": {"uv": [10.25, 0.25, 10.75, 0.75], "rotation": 90, "texture": "#5"},
				"south": {"uv": [10.25, 0.25, 10.75, 0.75], "rotation": 270, "texture": "#5"},
				"west": {"uv": [10.25, 0.25, 10.75, 0.75], "rotation": 270, "texture": "#5"},
				"up": {"uv": [10.25, 0.25, 10.75, 0.75], "texture": "#5"},
				"down": {"uv": [10.25, 0.25, 10.75, 0.75], "rotation": 180, "texture": "#5"}
			}
		},
		{
			"name": "voxel",
			"from": [3.32143, 12.64286, 10.35714],
			"to": [4.46429, 13.78571, 11.5],
			"rotation": {"angle": -45, "axis": "x", "origin": [7, 10, 0.5]},
			"faces": {
				"north": {"uv": [4.25, 0.25, 4.75, 0.75], "rotation": 270, "texture": "#5"},
				"east": {"uv": [4.25, 0.25, 4.75, 0.75], "rotation": 90, "texture": "#5"},
				"south": {"uv": [4.25, 0.25, 4.75, 0.75], "rotation": 270, "texture": "#5"},
				"west": {"uv": [4.25, 0.25, 4.75, 0.75], "rotation": 270, "texture": "#5"},
				"up": {"uv": [4.25, 0.25, 4.75, 0.75], "texture": "#5"},
				"down": {"uv": [4.25, 0.25, 4.75, 0.75], "rotation": 180, "texture": "#5"}
			}
		},
		{
			"name": "voxel",
			"from": [3.32143, 1.21429, 9.21429],
			"to": [4.46429, 2.35714, 10.35714],
			"rotation": {"angle": -45, "axis": "x", "origin": [7, 10, 0.5]},
			"faces": {
				"north": {"uv": [12.25, 0.25, 12.75, 0.75], "rotation": 270, "texture": "#5"},
				"east": {"uv": [12.25, 0.25, 12.75, 0.75], "rotation": 90, "texture": "#5"},
				"south": {"uv": [12.25, 0.25, 12.75, 0.75], "rotation": 270, "texture": "#5"},
				"west": {"uv": [12.25, 0.25, 12.75, 0.75], "rotation": 270, "texture": "#5"},
				"up": {"uv": [12.25, 0.25, 12.75, 0.75], "texture": "#5"},
				"down": {"uv": [12.25, 0.25, 12.75, 0.75], "rotation": 180, "texture": "#5"}
			}
		},
		{
			"name": "voxel",
			"from": [3.32143, 8.07143, 9.21429],
			"to": [4.46429, 9.21429, 10.35714],
			"rotation": {"angle": -45, "axis": "x", "origin": [7, 10, 0.5]},
			"faces": {
				"north": {"uv": [8.25, 0.25, 8.75, 0.75], "rotation": 270, "texture": "#5"},
				"east": {"uv": [8.25, 0.25, 8.75, 0.75], "rotation": 90, "texture": "#5"},
				"south": {"uv": [8.25, 0.25, 8.75, 0.75], "rotation": 270, "texture": "#5"},
				"west": {"uv": [8.25, 0.25, 8.75, 0.75], "rotation": 270, "texture": "#5"},
				"up": {"uv": [8.25, 0.25, 8.75, 0.75], "texture": "#5"},
				"down": {"uv": [8.25, 0.25, 8.75, 0.75], "rotation": 180, "texture": "#5"}
			}
		},
		{
			"name": "voxel",
			"from": [3.32143, 9.21429, 9.21429],
			"to": [4.46429, 10.35714, 10.35714],
			"rotation": {"angle": -45, "axis": "x", "origin": [7, 10, 0.5]},
			"faces": {
				"north": {"uv": [10.25, 0.25, 10.75, 0.75], "rotation": 270, "texture": "#5"},
				"east": {"uv": [10.25, 0.25, 10.75, 0.75], "rotation": 90, "texture": "#5"},
				"south": {"uv": [10.25, 0.25, 10.75, 0.75], "rotation": 270, "texture": "#5"},
				"west": {"uv": [10.25, 0.25, 10.75, 0.75], "rotation": 270, "texture": "#5"},
				"up": {"uv": [10.25, 0.25, 10.75, 0.75], "texture": "#5"},
				"down": {"uv": [10.25, 0.25, 10.75, 0.75], "rotation": 180, "texture": "#5"}
			}
		},
		{
			"name": "voxel",
			"from": [3.32143, 12.64286, 9.21429],
			"to": [4.46429, 13.78571, 10.35714],
			"rotation": {"angle": -45, "axis": "x", "origin": [7, 10, 0.5]},
			"faces": {
				"north": {"uv": [13.25, 0.25, 13.75, 0.75], "rotation": 270, "texture": "#5"},
				"east": {"uv": [13.25, 0.25, 13.75, 0.75], "rotation": 90, "texture": "#5"},
				"south": {"uv": [13.25, 0.25, 13.75, 0.75], "rotation": 270, "texture": "#5"},
				"west": {"uv": [13.25, 0.25, 13.75, 0.75], "rotation": 270, "texture": "#5"},
				"up": {"uv": [13.25, 0.25, 13.75, 0.75], "texture": "#5"},
				"down": {"uv": [13.25, 0.25, 13.75, 0.75], "rotation": 180, "texture": "#5"}
			}
		},
		{
			"name": "voxel",
			"from": [3.32143, 1.21429, 8.07143],
			"to": [4.46429, 2.35714, 9.21429],
			"rotation": {"angle": -45, "axis": "x", "origin": [7, 10, 0.5]},
			"faces": {
				"north": {"uv": [10.25, 0.25, 10.75, 0.75], "rotation": 270, "texture": "#5"},
				"east": {"uv": [10.25, 0.25, 10.75, 0.75], "rotation": 90, "texture": "#5"},
				"south": {"uv": [10.25, 0.25, 10.75, 0.75], "rotation": 270, "texture": "#5"},
				"west": {"uv": [10.25, 0.25, 10.75, 0.75], "rotation": 270, "texture": "#5"},
				"up": {"uv": [10.25, 0.25, 10.75, 0.75], "texture": "#5"},
				"down": {"uv": [10.25, 0.25, 10.75, 0.75], "rotation": 180, "texture": "#5"}
			}
		},
		{
			"name": "voxel",
			"from": [3.32143, 6.92857, 8.07143],
			"to": [4.46429, 8.07143, 9.21429],
			"rotation": {"angle": -45, "axis": "x", "origin": [7, 10, 0.5]},
			"faces": {
				"north": {"uv": [8.25, 0.25, 8.75, 0.75], "rotation": 270, "texture": "#5"},
				"east": {"uv": [8.25, 0.25, 8.75, 0.75], "rotation": 90, "texture": "#5"},
				"south": {"uv": [8.25, 0.25, 8.75, 0.75], "rotation": 270, "texture": "#5"},
				"west": {"uv": [8.25, 0.25, 8.75, 0.75], "rotation": 270, "texture": "#5"},
				"up": {"uv": [8.25, 0.25, 8.75, 0.75], "texture": "#5"},
				"down": {"uv": [8.25, 0.25, 8.75, 0.75], "rotation": 180, "texture": "#5"}
			}
		},
		{
			"name": "voxel",
			"from": [3.32143, 8.07143, 8.07143],
			"to": [4.46429, 9.21429, 9.21429],
			"rotation": {"angle": -45, "axis": "x", "origin": [7, 10, 0.5]},
			"faces": {
				"north": {"uv": [10.25, 0.25, 10.75, 0.75], "rotation": 270, "texture": "#5"},
				"east": {"uv": [10.25, 0.25, 10.75, 0.75], "rotation": 90, "texture": "#5"},
				"south": {"uv": [10.25, 0.25, 10.75, 0.75], "rotation": 270, "texture": "#5"},
				"west": {"uv": [10.25, 0.25, 10.75, 0.75], "rotation": 270, "texture": "#5"},
				"up": {"uv": [10.25, 0.25, 10.75, 0.75], "texture": "#5"},
				"down": {"uv": [10.25, 0.25, 10.75, 0.75], "rotation": 180, "texture": "#5"}
			}
		},
		{
			"name": "voxel",
			"from": [3.32143, 12.64286, 6.92857],
			"to": [4.46429, 13.78571, 9.21429],
			"rotation": {"angle": -45, "axis": "x", "origin": [7, 10, 0.5]},
			"faces": {
				"north": {"uv": [4.25, 0.25, 4.75, 0.75], "rotation": 270, "texture": "#5"},
				"east": {"uv": [4.25, 0.25, 4.75, 0.75], "rotation": 90, "texture": "#5"},
				"south": {"uv": [4.25, 0.25, 4.75, 0.75], "rotation": 270, "texture": "#5"},
				"west": {"uv": [4.25, 0.25, 4.75, 0.75], "rotation": 270, "texture": "#5"},
				"up": {"uv": [4.25, 0.25, 4.75, 0.75], "texture": "#5"},
				"down": {"uv": [4.25, 0.25, 4.75, 0.75], "rotation": 180, "texture": "#5"}
			}
		},
		{
			"name": "voxel",
			"from": [3.32143, 1.21429, 6.92857],
			"to": [4.46429, 2.35714, 8.07143],
			"rotation": {"angle": -45, "axis": "x", "origin": [7, 10, 0.5]},
			"faces": {
				"north": {"uv": [14.25, 0.25, 14.75, 0.75], "rotation": 270, "texture": "#5"},
				"east": {"uv": [14.25, 0.25, 14.75, 0.75], "rotation": 90, "texture": "#5"},
				"south": {"uv": [14.25, 0.25, 14.75, 0.75], "rotation": 270, "texture": "#5"},
				"west": {"uv": [14.25, 0.25, 14.75, 0.75], "rotation": 270, "texture": "#5"},
				"up": {"uv": [14.25, 0.25, 14.75, 0.75], "texture": "#5"},
				"down": {"uv": [14.25, 0.25, 14.75, 0.75], "rotation": 180, "texture": "#5"}
			}
		},
		{
			"name": "voxel",
			"from": [3.32143, 2.35714, 6.92857],
			"to": [4.46429, 3.5, 8.07143],
			"rotation": {"angle": -45, "axis": "x", "origin": [7, 10, 0.5]},
			"faces": {
				"north": {"uv": [1.25, 0.25, 1.75, 0.75], "rotation": 270, "texture": "#5"},
				"east": {"uv": [1.25, 0.25, 1.75, 0.75], "rotation": 90, "texture": "#5"},
				"south": {"uv": [1.25, 0.25, 1.75, 0.75], "rotation": 270, "texture": "#5"},
				"west": {"uv": [1.25, 0.25, 1.75, 0.75], "rotation": 270, "texture": "#5"},
				"up": {"uv": [1.25, 0.25, 1.75, 0.75], "texture": "#5"},
				"down": {"uv": [1.25, 0.25, 1.75, 0.75], "rotation": 180, "texture": "#5"}
			}
		},
		{
			"name": "voxel",
			"from": [3.32143, 3.5, 6.92857],
			"to": [4.46429, 4.64286, 8.07143],
			"rotation": {"angle": -45, "axis": "x", "origin": [7, 10, 0.5]},
			"faces": {
				"north": {"uv": [15.25, 0.25, 15.75, 0.75], "rotation": 270, "texture": "#5"},
				"east": {"uv": [15.25, 0.25, 15.75, 0.75], "rotation": 90, "texture": "#5"},
				"south": {"uv": [15.25, 0.25, 15.75, 0.75], "rotation": 270, "texture": "#5"},
				"west": {"uv": [15.25, 0.25, 15.75, 0.75], "rotation": 270, "texture": "#5"},
				"up": {"uv": [15.25, 0.25, 15.75, 0.75], "texture": "#5"},
				"down": {"uv": [15.25, 0.25, 15.75, 0.75], "rotation": 180, "texture": "#5"}
			}
		},
		{
			"name": "voxel",
			"from": [3.32143, 5.78571, 6.92857],
			"to": [4.46429, 6.92857, 8.07143],
			"rotation": {"angle": -45, "axis": "x", "origin": [7, 10, 0.5]},
			"faces": {
				"north": {"uv": [8.25, 0.25, 8.75, 0.75], "rotation": 270, "texture": "#5"},
				"east": {"uv": [8.25, 0.25, 8.75, 0.75], "rotation": 90, "texture": "#5"},
				"south": {"uv": [8.25, 0.25, 8.75, 0.75], "rotation": 270, "texture": "#5"},
				"west": {"uv": [8.25, 0.25, 8.75, 0.75], "rotation": 270, "texture": "#5"},
				"up": {"uv": [8.25, 0.25, 8.75, 0.75], "texture": "#5"},
				"down": {"uv": [8.25, 0.25, 8.75, 0.75], "rotation": 180, "texture": "#5"}
			}
		},
		{
			"name": "voxel",
			"from": [3.32143, 6.92857, 6.92857],
			"to": [4.46429, 8.07143, 8.07143],
			"rotation": {"angle": -45, "axis": "x", "origin": [7, 10, 0.5]},
			"faces": {
				"north": {"uv": [10.25, 0.25, 10.75, 0.75], "rotation": 270, "texture": "#5"},
				"east": {"uv": [10.25, 0.25, 10.75, 0.75], "rotation": 90, "texture": "#5"},
				"south": {"uv": [10.25, 0.25, 10.75, 0.75], "rotation": 270, "texture": "#5"},
				"west": {"uv": [10.25, 0.25, 10.75, 0.75], "rotation": 270, "texture": "#5"},
				"up": {"uv": [10.25, 0.25, 10.75, 0.75], "texture": "#5"},
				"down": {"uv": [10.25, 0.25, 10.75, 0.75], "rotation": 180, "texture": "#5"}
			}
		},
		{
			"name": "voxel",
			"from": [3.32143, 1.21429, 5.78571],
			"to": [4.46429, 2.35714, 6.92857],
			"rotation": {"angle": -45, "axis": "x", "origin": [7, 10, 0.5]},
			"faces": {
				"north": {"uv": [9.25, 0.25, 9.75, 0.75], "rotation": 270, "texture": "#5"},
				"east": {"uv": [9.25, 0.25, 9.75, 0.75], "rotation": 90, "texture": "#5"},
				"south": {"uv": [9.25, 0.25, 9.75, 0.75], "rotation": 270, "texture": "#5"},
				"west": {"uv": [9.25, 0.25, 9.75, 0.75], "rotation": 270, "texture": "#5"},
				"up": {"uv": [9.25, 0.25, 9.75, 0.75], "texture": "#5"},
				"down": {"uv": [9.25, 0.25, 9.75, 0.75], "rotation": 180, "texture": "#5"}
			}
		},
		{
			"name": "voxel",
			"from": [3.32143, 2.35714, 5.78571],
			"to": [4.46429, 3.5, 6.92857],
			"rotation": {"angle": -45, "axis": "x", "origin": [7, 10, 0.5]},
			"faces": {
				"north": {"uv": [15.25, 0.25, 15.75, 0.75], "rotation": 270, "texture": "#5"},
				"east": {"uv": [15.25, 0.25, 15.75, 0.75], "rotation": 90, "texture": "#5"},
				"south": {"uv": [15.25, 0.25, 15.75, 0.75], "rotation": 270, "texture": "#5"},
				"west": {"uv": [15.25, 0.25, 15.75, 0.75], "rotation": 270, "texture": "#5"},
				"up": {"uv": [15.25, 0.25, 15.75, 0.75], "texture": "#5"},
				"down": {"uv": [15.25, 0.25, 15.75, 0.75], "rotation": 180, "texture": "#5"}
			}
		},
		{
			"name": "voxel",
			"from": [3.32143, 3.5, 5.78571],
			"to": [4.46429, 4.64286, 6.92857],
			"rotation": {"angle": -45, "axis": "x", "origin": [7, 10, 0.5]},
			"faces": {
				"north": {"uv": [0.25, 1.25, 0.75, 1.75], "rotation": 270, "texture": "#5"},
				"east": {"uv": [0.25, 1.25, 0.75, 1.75], "rotation": 90, "texture": "#5"},
				"south": {"uv": [0.25, 1.25, 0.75, 1.75], "rotation": 270, "texture": "#5"},
				"west": {"uv": [0.25, 1.25, 0.75, 1.75], "rotation": 270, "texture": "#5"},
				"up": {"uv": [0.25, 1.25, 0.75, 1.75], "texture": "#5"},
				"down": {"uv": [0.25, 1.25, 0.75, 1.75], "rotation": 180, "texture": "#5"}
			}
		},
		{
			"name": "voxel",
			"from": [3.32143, 4.64286, 5.78571],
			"to": [4.46429, 5.78571, 6.92857],
			"rotation": {"angle": -45, "axis": "x", "origin": [7, 10, 0.5]},
			"faces": {
				"north": {"uv": [8.25, 0.25, 8.75, 0.75], "rotation": 270, "texture": "#5"},
				"east": {"uv": [8.25, 0.25, 8.75, 0.75], "rotation": 90, "texture": "#5"},
				"south": {"uv": [8.25, 0.25, 8.75, 0.75], "rotation": 270, "texture": "#5"},
				"west": {"uv": [8.25, 0.25, 8.75, 0.75], "rotation": 270, "texture": "#5"},
				"up": {"uv": [8.25, 0.25, 8.75, 0.75], "texture": "#5"},
				"down": {"uv": [8.25, 0.25, 8.75, 0.75], "rotation": 180, "texture": "#5"}
			}
		},
		{
			"name": "voxel",
			"from": [3.32143, 5.78571, 5.78571],
			"to": [4.46429, 6.92857, 6.92857],
			"rotation": {"angle": -45, "axis": "x", "origin": [7, 10, 0.5]},
			"faces": {
				"north": {"uv": [10.25, 0.25, 10.75, 0.75], "rotation": 270, "texture": "#5"},
				"east": {"uv": [10.25, 0.25, 10.75, 0.75], "rotation": 90, "texture": "#5"},
				"south": {"uv": [10.25, 0.25, 10.75, 0.75], "rotation": 270, "texture": "#5"},
				"west": {"uv": [10.25, 0.25, 10.75, 0.75], "rotation": 270, "texture": "#5"},
				"up": {"uv": [10.25, 0.25, 10.75, 0.75], "texture": "#5"},
				"down": {"uv": [10.25, 0.25, 10.75, 0.75], "rotation": 180, "texture": "#5"}
			}
		},
		{
			"name": "voxel",
			"from": [3.32143, 13.78571, 4.64286],
			"to": [4.46429, 14.92857, 6.92857],
			"rotation": {"angle": -45, "axis": "x", "origin": [7, 10, 0.5]},
			"faces": {
				"north": {"uv": [4.25, 0.25, 4.75, 0.75], "rotation": 270, "texture": "#5"},
				"east": {"uv": [4.25, 0.25, 4.75, 0.75], "rotation": 90, "texture": "#5"},
				"south": {"uv": [4.25, 0.25, 4.75, 0.75], "rotation": 270, "texture": "#5"},
				"west": {"uv": [4.25, 0.25, 4.75, 0.75], "rotation": 270, "texture": "#5"},
				"up": {"uv": [4.25, 0.25, 4.75, 0.75], "texture": "#5"},
				"down": {"uv": [4.25, 0.25, 4.75, 0.75], "rotation": 180, "texture": "#5"}
			}
		},
		{
			"name": "voxel",
			"from": [3.32143, 2.35714, 4.64286],
			"to": [4.46429, 3.5, 5.78571],
			"rotation": {"angle": -45, "axis": "x", "origin": [7, 10, 0.5]},
			"faces": {
				"north": {"uv": [11.25, 0.25, 11.75, 0.75], "rotation": 270, "texture": "#5"},
				"east": {"uv": [11.25, 0.25, 11.75, 0.75], "rotation": 90, "texture": "#5"},
				"south": {"uv": [11.25, 0.25, 11.75, 0.75], "rotation": 270, "texture": "#5"},
				"west": {"uv": [11.25, 0.25, 11.75, 0.75], "rotation": 270, "texture": "#5"},
				"up": {"uv": [11.25, 0.25, 11.75, 0.75], "texture": "#5"},
				"down": {"uv": [11.25, 0.25, 11.75, 0.75], "rotation": 180, "texture": "#5"}
			}
		},
		{
			"name": "voxel",
			"from": [3.32143, 3.5, 4.64286],
			"to": [4.46429, 4.64286, 5.78571],
			"rotation": {"angle": -45, "axis": "x", "origin": [7, 10, 0.5]},
			"faces": {
				"north": {"uv": [8.25, 0.25, 8.75, 0.75], "rotation": 270, "texture": "#5"},
				"east": {"uv": [8.25, 0.25, 8.75, 0.75], "rotation": 90, "texture": "#5"},
				"south": {"uv": [8.25, 0.25, 8.75, 0.75], "rotation": 270, "texture": "#5"},
				"west": {"uv": [8.25, 0.25, 8.75, 0.75], "rotation": 270, "texture": "#5"},
				"up": {"uv": [8.25, 0.25, 8.75, 0.75], "texture": "#5"},
				"down": {"uv": [8.25, 0.25, 8.75, 0.75], "rotation": 180, "texture": "#5"}
			}
		},
		{
			"name": "voxel",
			"from": [3.32143, 4.64286, 4.64286],
			"to": [4.46429, 5.78571, 5.78571],
			"rotation": {"angle": -45, "axis": "x", "origin": [7, 10, 0.5]},
			"faces": {
				"north": {"uv": [10.25, 0.25, 10.75, 0.75], "rotation": 270, "texture": "#5"},
				"east": {"uv": [10.25, 0.25, 10.75, 0.75], "rotation": 90, "texture": "#5"},
				"south": {"uv": [10.25, 0.25, 10.75, 0.75], "rotation": 270, "texture": "#5"},
				"west": {"uv": [10.25, 0.25, 10.75, 0.75], "rotation": 270, "texture": "#5"},
				"up": {"uv": [10.25, 0.25, 10.75, 0.75], "texture": "#5"},
				"down": {"uv": [10.25, 0.25, 10.75, 0.75], "rotation": 180, "texture": "#5"}
			}
		},
		{
			"name": "voxel",
			"from": [3.32143, 5.78571, 4.64286],
			"to": [4.46429, 6.92857, 5.78571],
			"rotation": {"angle": -45, "axis": "x", "origin": [7, 10, 0.5]},
			"faces": {
				"north": {"uv": [1.25, 1.25, 1.75, 1.75], "rotation": 270, "texture": "#5"},
				"east": {"uv": [1.25, 1.25, 1.75, 1.75], "rotation": 90, "texture": "#5"},
				"south": {"uv": [1.25, 1.25, 1.75, 1.75], "rotation": 270, "texture": "#5"},
				"west": {"uv": [1.25, 1.25, 1.75, 1.75], "rotation": 270, "texture": "#5"},
				"up": {"uv": [1.25, 1.25, 1.75, 1.75], "texture": "#5"},
				"down": {"uv": [1.25, 1.25, 1.75, 1.75], "rotation": 180, "texture": "#5"}
			}
		},
		{
			"name": "voxel",
			"from": [3.32143, 2.35714, 3.5],
			"to": [4.46429, 3.5, 4.64286],
			"rotation": {"angle": -45, "axis": "x", "origin": [7, 10, 0.5]},
			"faces": {
				"north": {"uv": [8.25, 0.25, 8.75, 0.75], "rotation": 270, "texture": "#5"},
				"east": {"uv": [8.25, 0.25, 8.75, 0.75], "rotation": 90, "texture": "#5"},
				"south": {"uv": [8.25, 0.25, 8.75, 0.75], "rotation": 270, "texture": "#5"},
				"west": {"uv": [8.25, 0.25, 8.75, 0.75], "rotation": 270, "texture": "#5"},
				"up": {"uv": [8.25, 0.25, 8.75, 0.75], "texture": "#5"},
				"down": {"uv": [8.25, 0.25, 8.75, 0.75], "rotation": 180, "texture": "#5"}
			}
		},
		{
			"name": "voxel",
			"from": [3.32143, 3.5, 3.5],
			"to": [4.46429, 4.64286, 4.64286],
			"rotation": {"angle": -45, "axis": "x", "origin": [7, 10, 0.5]},
			"faces": {
				"north": {"uv": [10.25, 0.25, 10.75, 0.75], "rotation": 270, "texture": "#5"},
				"east": {"uv": [10.25, 0.25, 10.75, 0.75], "rotation": 90, "texture": "#5"},
				"south": {"uv": [10.25, 0.25, 10.75, 0.75], "rotation": 270, "texture": "#5"},
				"west": {"uv": [10.25, 0.25, 10.75, 0.75], "rotation": 270, "texture": "#5"},
				"up": {"uv": [10.25, 0.25, 10.75, 0.75], "texture": "#5"},
				"down": {"uv": [10.25, 0.25, 10.75, 0.75], "rotation": 180, "texture": "#5"}
			}
		},
		{
			"name": "voxel",
			"from": [3.32143, 4.64286, 3.5],
			"to": [4.46429, 5.78571, 4.64286],
			"rotation": {"angle": -45, "axis": "x", "origin": [7, 10, 0.5]},
			"faces": {
				"north": {"uv": [15.25, 0.25, 15.75, 0.75], "rotation": 270, "texture": "#5"},
				"east": {"uv": [15.25, 0.25, 15.75, 0.75], "rotation": 90, "texture": "#5"},
				"south": {"uv": [15.25, 0.25, 15.75, 0.75], "rotation": 270, "texture": "#5"},
				"west": {"uv": [15.25, 0.25, 15.75, 0.75], "rotation": 270, "texture": "#5"},
				"up": {"uv": [15.25, 0.25, 15.75, 0.75], "texture": "#5"},
				"down": {"uv": [15.25, 0.25, 15.75, 0.75], "rotation": 180, "texture": "#5"}
			}
		},
		{
			"name": "voxel",
			"from": [3.32143, 5.78571, 3.5],
			"to": [4.46429, 6.92857, 4.64286],
			"rotation": {"angle": -45, "axis": "x", "origin": [7, 10, 0.5]},
			"faces": {
				"north": {"uv": [12.25, 0.25, 12.75, 0.75], "rotation": 270, "texture": "#5"},
				"east": {"uv": [12.25, 0.25, 12.75, 0.75], "rotation": 90, "texture": "#5"},
				"south": {"uv": [12.25, 0.25, 12.75, 0.75], "rotation": 270, "texture": "#5"},
				"west": {"uv": [12.25, 0.25, 12.75, 0.75], "rotation": 270, "texture": "#5"},
				"up": {"uv": [12.25, 0.25, 12.75, 0.75], "texture": "#5"},
				"down": {"uv": [12.25, 0.25, 12.75, 0.75], "rotation": 180, "texture": "#5"}
			}
		},
		{
			"name": "voxel",
			"from": [3.32143, 6.92857, 3.5],
			"to": [4.46429, 8.07143, 4.64286],
			"rotation": {"angle": -45, "axis": "x", "origin": [7, 10, 0.5]},
			"faces": {
				"north": {"uv": [8.25, 0.25, 8.75, 0.75], "rotation": 270, "texture": "#5"},
				"east": {"uv": [8.25, 0.25, 8.75, 0.75], "rotation": 90, "texture": "#5"},
				"south": {"uv": [8.25, 0.25, 8.75, 0.75], "rotation": 270, "texture": "#5"},
				"west": {"uv": [8.25, 0.25, 8.75, 0.75], "rotation": 270, "texture": "#5"},
				"up": {"uv": [8.25, 0.25, 8.75, 0.75], "texture": "#5"},
				"down": {"uv": [8.25, 0.25, 8.75, 0.75], "rotation": 180, "texture": "#5"}
			}
		},
		{
			"name": "voxel",
			"from": [3.32143, 8.07143, 3.5],
			"to": [4.46429, 9.21429, 4.64286],
			"rotation": {"angle": -45, "axis": "x", "origin": [7, 10, 0.5]},
			"faces": {
				"north": {"uv": [3.25, 0.25, 3.75, 0.75], "rotation": 270, "texture": "#5"},
				"east": {"uv": [3.25, 0.25, 3.75, 0.75], "rotation": 90, "texture": "#5"},
				"south": {"uv": [3.25, 0.25, 3.75, 0.75], "rotation": 270, "texture": "#5"},
				"west": {"uv": [3.25, 0.25, 3.75, 0.75], "rotation": 270, "texture": "#5"},
				"up": {"uv": [3.25, 0.25, 3.75, 0.75], "texture": "#5"},
				"down": {"uv": [3.25, 0.25, 3.75, 0.75], "rotation": 180, "texture": "#5"}
			}
		},
		{
			"name": "voxel",
			"from": [3.32143, 9.21429, 3.5],
			"to": [4.46429, 10.35714, 4.64286],
			"rotation": {"angle": -45, "axis": "x", "origin": [7, 10, 0.5]},
			"faces": {
				"north": {"uv": [8.25, 0.25, 8.75, 0.75], "rotation": 270, "texture": "#5"},
				"east": {"uv": [8.25, 0.25, 8.75, 0.75], "rotation": 90, "texture": "#5"},
				"south": {"uv": [8.25, 0.25, 8.75, 0.75], "rotation": 270, "texture": "#5"},
				"west": {"uv": [8.25, 0.25, 8.75, 0.75], "rotation": 270, "texture": "#5"},
				"up": {"uv": [8.25, 0.25, 8.75, 0.75], "texture": "#5"},
				"down": {"uv": [8.25, 0.25, 8.75, 0.75], "rotation": 180, "texture": "#5"}
			}
		},
		{
			"name": "voxel",
			"from": [3.32143, 10.35714, 3.5],
			"to": [4.46429, 11.5, 4.64286],
			"rotation": {"angle": -45, "axis": "x", "origin": [7, 10, 0.5]},
			"faces": {
				"north": {"uv": [2.25, 1.25, 2.75, 1.75], "rotation": 270, "texture": "#5"},
				"east": {"uv": [2.25, 1.25, 2.75, 1.75], "rotation": 90, "texture": "#5"},
				"south": {"uv": [2.25, 1.25, 2.75, 1.75], "rotation": 270, "texture": "#5"},
				"west": {"uv": [2.25, 1.25, 2.75, 1.75], "rotation": 270, "texture": "#5"},
				"up": {"uv": [2.25, 1.25, 2.75, 1.75], "texture": "#5"},
				"down": {"uv": [2.25, 1.25, 2.75, 1.75], "rotation": 180, "texture": "#5"}
			}
		},
		{
			"name": "voxel",
			"from": [3.32143, 11.5, 3.5],
			"to": [4.46429, 12.64286, 4.64286],
			"rotation": {"angle": -45, "axis": "x", "origin": [7, 10, 0.5]},
			"faces": {
				"north": {"uv": [3.25, 0.25, 3.75, 0.75], "rotation": 270, "texture": "#5"},
				"east": {"uv": [3.25, 0.25, 3.75, 0.75], "rotation": 90, "texture": "#5"},
				"south": {"uv": [3.25, 0.25, 3.75, 0.75], "rotation": 270, "texture": "#5"},
				"west": {"uv": [3.25, 0.25, 3.75, 0.75], "rotation": 270, "texture": "#5"},
				"up": {"uv": [3.25, 0.25, 3.75, 0.75], "texture": "#5"},
				"down": {"uv": [3.25, 0.25, 3.75, 0.75], "rotation": 180, "texture": "#5"}
			}
		},
		{
			"name": "voxel",
			"from": [3.32143, 12.64286, 3.5],
			"to": [4.46429, 13.78571, 4.64286],
			"rotation": {"angle": -45, "axis": "x", "origin": [7, 10, 0.5]},
			"faces": {
				"north": {"uv": [3.25, 1.25, 3.75, 1.75], "rotation": 270, "texture": "#5"},
				"east": {"uv": [3.25, 1.25, 3.75, 1.75], "rotation": 90, "texture": "#5"},
				"south": {"uv": [3.25, 1.25, 3.75, 1.75], "rotation": 270, "texture": "#5"},
				"west": {"uv": [3.25, 1.25, 3.75, 1.75], "rotation": 270, "texture": "#5"},
				"up": {"uv": [3.25, 1.25, 3.75, 1.75], "texture": "#5"},
				"down": {"uv": [3.25, 1.25, 3.75, 1.75], "rotation": 180, "texture": "#5"}
			}
		},
		{
			"name": "voxel",
			"from": [3.32143, 13.78571, 3.5],
			"to": [4.46429, 14.92857, 4.64286],
			"rotation": {"angle": -45, "axis": "x", "origin": [7, 10, 0.5]},
			"faces": {
				"north": {"uv": [3.25, 0.25, 3.75, 0.75], "rotation": 270, "texture": "#5"},
				"east": {"uv": [3.25, 0.25, 3.75, 0.75], "rotation": 90, "texture": "#5"},
				"south": {"uv": [3.25, 0.25, 3.75, 0.75], "rotation": 270, "texture": "#5"},
				"west": {"uv": [3.25, 0.25, 3.75, 0.75], "rotation": 270, "texture": "#5"},
				"up": {"uv": [3.25, 0.25, 3.75, 0.75], "texture": "#5"},
				"down": {"uv": [3.25, 0.25, 3.75, 0.75], "rotation": 180, "texture": "#5"}
			}
		},
		{
			"name": "voxel",
			"from": [3.32143, 1.21429, 2.35714],
			"to": [4.46429, 2.35714, 3.5],
			"rotation": {"angle": -45, "axis": "x", "origin": [7, 10, 0.5]},
			"faces": {
				"north": {"uv": [4.25, 1.25, 4.75, 1.75], "rotation": 270, "texture": "#5"},
				"east": {"uv": [4.25, 1.25, 4.75, 1.75], "rotation": 90, "texture": "#5"},
				"south": {"uv": [4.25, 1.25, 4.75, 1.75], "rotation": 270, "texture": "#5"},
				"west": {"uv": [4.25, 1.25, 4.75, 1.75], "rotation": 270, "texture": "#5"},
				"up": {"uv": [4.25, 1.25, 4.75, 1.75], "texture": "#5"},
				"down": {"uv": [4.25, 1.25, 4.75, 1.75], "rotation": 180, "texture": "#5"}
			}
		},
		{
			"name": "voxel",
			"from": [3.32143, 2.35714, 2.35714],
			"to": [4.46429, 3.5, 3.5],
			"rotation": {"angle": -45, "axis": "x", "origin": [7, 10, 0.5]},
			"faces": {
				"north": {"uv": [5.25, 1.25, 5.75, 1.75], "rotation": 270, "texture": "#5"},
				"east": {"uv": [5.25, 1.25, 5.75, 1.75], "rotation": 90, "texture": "#5"},
				"south": {"uv": [5.25, 1.25, 5.75, 1.75], "rotation": 270, "texture": "#5"},
				"west": {"uv": [5.25, 1.25, 5.75, 1.75], "rotation": 270, "texture": "#5"},
				"up": {"uv": [5.25, 1.25, 5.75, 1.75], "texture": "#5"},
				"down": {"uv": [5.25, 1.25, 5.75, 1.75], "rotation": 180, "texture": "#5"}
			}
		},
		{
			"name": "voxel",
			"from": [3.32143, 4.64286, 2.35714],
			"to": [4.46429, 6.92857, 3.5],
			"rotation": {"angle": -45, "axis": "x", "origin": [7, 10, 0.5]},
			"faces": {
				"north": {"uv": [11.25, 0.25, 11.75, 0.75], "rotation": 270, "texture": "#5"},
				"east": {"uv": [11.25, 0.25, 11.75, 0.75], "rotation": 90, "texture": "#5"},
				"south": {"uv": [11.25, 0.25, 11.75, 0.75], "rotation": 270, "texture": "#5"},
				"west": {"uv": [11.25, 0.25, 11.75, 0.75], "rotation": 270, "texture": "#5"},
				"up": {"uv": [11.25, 0.25, 11.75, 0.75], "texture": "#5"},
				"down": {"uv": [11.25, 0.25, 11.75, 0.75], "rotation": 180, "texture": "#5"}
			}
		},
		{
			"name": "voxel",
			"from": [3.32143, 6.92857, 2.35714],
			"to": [4.46429, 8.07143, 3.5],
			"rotation": {"angle": -45, "axis": "x", "origin": [7, 10, 0.5]},
			"faces": {
				"north": {"uv": [10.25, 0.25, 10.75, 0.75], "rotation": 270, "texture": "#5"},
				"east": {"uv": [10.25, 0.25, 10.75, 0.75], "rotation": 90, "texture": "#5"},
				"south": {"uv": [10.25, 0.25, 10.75, 0.75], "rotation": 270, "texture": "#5"},
				"west": {"uv": [10.25, 0.25, 10.75, 0.75], "rotation": 270, "texture": "#5"},
				"up": {"uv": [10.25, 0.25, 10.75, 0.75], "texture": "#5"},
				"down": {"uv": [10.25, 0.25, 10.75, 0.75], "rotation": 180, "texture": "#5"}
			}
		},
		{
			"name": "voxel",
			"from": [3.32143, 8.07143, 2.35714],
			"to": [4.46429, 9.21429, 3.5],
			"rotation": {"angle": -45, "axis": "x", "origin": [7, 10, 0.5]},
			"faces": {
				"north": {"uv": [1.25, 0.25, 1.75, 0.75], "rotation": 270, "texture": "#5"},
				"east": {"uv": [1.25, 0.25, 1.75, 0.75], "rotation": 90, "texture": "#5"},
				"south": {"uv": [1.25, 0.25, 1.75, 0.75], "rotation": 270, "texture": "#5"},
				"west": {"uv": [1.25, 0.25, 1.75, 0.75], "rotation": 270, "texture": "#5"},
				"up": {"uv": [1.25, 0.25, 1.75, 0.75], "texture": "#5"},
				"down": {"uv": [1.25, 0.25, 1.75, 0.75], "rotation": 180, "texture": "#5"}
			}
		},
		{
			"name": "voxel",
			"from": [3.32143, 9.21429, 2.35714],
			"to": [4.46429, 10.35714, 3.5],
			"rotation": {"angle": -45, "axis": "x", "origin": [7, 10, 0.5]},
			"faces": {
				"north": {"uv": [2.25, 0.25, 2.75, 0.75], "rotation": 270, "texture": "#5"},
				"east": {"uv": [2.25, 0.25, 2.75, 0.75], "rotation": 90, "texture": "#5"},
				"south": {"uv": [2.25, 0.25, 2.75, 0.75], "rotation": 270, "texture": "#5"},
				"west": {"uv": [2.25, 0.25, 2.75, 0.75], "rotation": 270, "texture": "#5"},
				"up": {"uv": [2.25, 0.25, 2.75, 0.75], "texture": "#5"},
				"down": {"uv": [2.25, 0.25, 2.75, 0.75], "rotation": 180, "texture": "#5"}
			}
		},
		{
			"name": "voxel",
			"from": [3.32143, 10.35714, 2.35714],
			"to": [4.46429, 11.5, 3.5],
			"rotation": {"angle": -45, "axis": "x", "origin": [7, 10, 0.5]},
			"faces": {
				"north": {"uv": [6.25, 1.25, 6.75, 1.75], "rotation": 270, "texture": "#5"},
				"east": {"uv": [6.25, 1.25, 6.75, 1.75], "rotation": 90, "texture": "#5"},
				"south": {"uv": [6.25, 1.25, 6.75, 1.75], "rotation": 270, "texture": "#5"},
				"west": {"uv": [6.25, 1.25, 6.75, 1.75], "rotation": 270, "texture": "#5"},
				"up": {"uv": [6.25, 1.25, 6.75, 1.75], "texture": "#5"},
				"down": {"uv": [6.25, 1.25, 6.75, 1.75], "rotation": 180, "texture": "#5"}
			}
		},
		{
			"name": "voxel",
			"from": [3.32143, 11.5, 2.35714],
			"to": [4.46429, 13.78571, 3.5],
			"rotation": {"angle": -45, "axis": "x", "origin": [7, 10, 0.5]},
			"faces": {
				"north": {"uv": [2.25, 0.25, 2.75, 0.75], "rotation": 270, "texture": "#5"},
				"east": {"uv": [2.25, 0.25, 2.75, 0.75], "rotation": 90, "texture": "#5"},
				"south": {"uv": [2.25, 0.25, 2.75, 0.75], "rotation": 270, "texture": "#5"},
				"west": {"uv": [2.25, 0.25, 2.75, 0.75], "rotation": 270, "texture": "#5"},
				"up": {"uv": [2.25, 0.25, 2.75, 0.75], "texture": "#5"},
				"down": {"uv": [2.25, 0.25, 2.75, 0.75], "rotation": 180, "texture": "#5"}
			}
		},
		{
			"name": "voxel",
			"from": [3.32143, 13.78571, 2.35714],
			"to": [4.46429, 14.92857, 3.5],
			"rotation": {"angle": -45, "axis": "x", "origin": [7, 10, 0.5]},
			"faces": {
				"north": {"uv": [6.25, 1.25, 6.75, 1.75], "rotation": 270, "texture": "#5"},
				"east": {"uv": [6.25, 1.25, 6.75, 1.75], "rotation": 90, "texture": "#5"},
				"south": {"uv": [6.25, 1.25, 6.75, 1.75], "rotation": 270, "texture": "#5"},
				"west": {"uv": [6.25, 1.25, 6.75, 1.75], "rotation": 270, "texture": "#5"},
				"up": {"uv": [6.25, 1.25, 6.75, 1.75], "texture": "#5"},
				"down": {"uv": [6.25, 1.25, 6.75, 1.75], "rotation": 180, "texture": "#5"}
			}
		},
		{
			"name": "voxel",
			"from": [3.32143, 14.92857, 2.35714],
			"to": [4.46429, 16.07143, 3.5],
			"rotation": {"angle": -45, "axis": "x", "origin": [7, 10, 0.5]},
			"faces": {
				"north": {"uv": [0.25, 0.25, 0.75, 0.75], "rotation": 270, "texture": "#5"},
				"east": {"uv": [0.25, 0.25, 0.75, 0.75], "rotation": 90, "texture": "#5"},
				"south": {"uv": [0.25, 0.25, 0.75, 0.75], "rotation": 270, "texture": "#5"},
				"west": {"uv": [0.25, 0.25, 0.75, 0.75], "rotation": 270, "texture": "#5"},
				"up": {"uv": [0.25, 0.25, 0.75, 0.75], "texture": "#5"},
				"down": {"uv": [0.25, 0.25, 0.75, 0.75], "rotation": 180, "texture": "#5"}
			}
		},
		{
			"name": "voxel",
			"from": [3.32143, 1.21429, 1.21429],
			"to": [4.46429, 2.35714, 2.35714],
			"rotation": {"angle": -45, "axis": "x", "origin": [7, 10, 0.5]},
			"faces": {
				"north": {"uv": [5.25, 1.25, 5.75, 1.75], "rotation": 270, "texture": "#5"},
				"east": {"uv": [5.25, 1.25, 5.75, 1.75], "rotation": 90, "texture": "#5"},
				"south": {"uv": [5.25, 1.25, 5.75, 1.75], "rotation": 270, "texture": "#5"},
				"west": {"uv": [5.25, 1.25, 5.75, 1.75], "rotation": 270, "texture": "#5"},
				"up": {"uv": [5.25, 1.25, 5.75, 1.75], "texture": "#5"},
				"down": {"uv": [5.25, 1.25, 5.75, 1.75], "rotation": 180, "texture": "#5"}
			}
		},
		{
			"name": "voxel",
			"from": [3.32143, 6.92857, 1.21429],
			"to": [4.46429, 9.21429, 2.35714],
			"rotation": {"angle": -45, "axis": "x", "origin": [7, 10, 0.5]},
			"faces": {
				"north": {"uv": [11.25, 0.25, 11.75, 0.75], "rotation": 270, "texture": "#5"},
				"east": {"uv": [11.25, 0.25, 11.75, 0.75], "rotation": 90, "texture": "#5"},
				"south": {"uv": [11.25, 0.25, 11.75, 0.75], "rotation": 270, "texture": "#5"},
				"west": {"uv": [11.25, 0.25, 11.75, 0.75], "rotation": 270, "texture": "#5"},
				"up": {"uv": [11.25, 0.25, 11.75, 0.75], "texture": "#5"},
				"down": {"uv": [11.25, 0.25, 11.75, 0.75], "rotation": 180, "texture": "#5"}
			}
		},
		{
			"name": "voxel",
			"from": [3.32143, 9.21429, 1.21429],
			"to": [4.46429, 10.35714, 2.35714],
			"rotation": {"angle": -45, "axis": "x", "origin": [7, 10, 0.5]},
			"faces": {
				"north": {"uv": [7.25, 1.25, 7.75, 1.75], "rotation": 270, "texture": "#5"},
				"east": {"uv": [7.25, 1.25, 7.75, 1.75], "rotation": 90, "texture": "#5"},
				"south": {"uv": [7.25, 1.25, 7.75, 1.75], "rotation": 270, "texture": "#5"},
				"west": {"uv": [7.25, 1.25, 7.75, 1.75], "rotation": 270, "texture": "#5"},
				"up": {"uv": [7.25, 1.25, 7.75, 1.75], "texture": "#5"},
				"down": {"uv": [7.25, 1.25, 7.75, 1.75], "rotation": 180, "texture": "#5"}
			}
		},
		{
			"name": "voxel",
			"from": [3.32143, 10.35714, 1.21429],
			"to": [4.46429, 11.5, 2.35714],
			"rotation": {"angle": -45, "axis": "x", "origin": [7, 10, 0.5]},
			"faces": {
				"north": {"uv": [9.25, 0.25, 9.75, 0.75], "rotation": 270, "texture": "#5"},
				"east": {"uv": [9.25, 0.25, 9.75, 0.75], "rotation": 90, "texture": "#5"},
				"south": {"uv": [9.25, 0.25, 9.75, 0.75], "rotation": 270, "texture": "#5"},
				"west": {"uv": [9.25, 0.25, 9.75, 0.75], "rotation": 270, "texture": "#5"},
				"up": {"uv": [9.25, 0.25, 9.75, 0.75], "texture": "#5"},
				"down": {"uv": [9.25, 0.25, 9.75, 0.75], "rotation": 180, "texture": "#5"}
			}
		},
		{
			"name": "voxel",
			"from": [3.32143, 11.5, 1.21429],
			"to": [4.46429, 12.64286, 2.35714],
			"rotation": {"angle": -45, "axis": "x", "origin": [7, 10, 0.5]},
			"faces": {
				"north": {"uv": [3.25, 1.25, 3.75, 1.75], "rotation": 270, "texture": "#5"},
				"east": {"uv": [3.25, 1.25, 3.75, 1.75], "rotation": 90, "texture": "#5"},
				"south": {"uv": [3.25, 1.25, 3.75, 1.75], "rotation": 270, "texture": "#5"},
				"west": {"uv": [3.25, 1.25, 3.75, 1.75], "rotation": 270, "texture": "#5"},
				"up": {"uv": [3.25, 1.25, 3.75, 1.75], "texture": "#5"},
				"down": {"uv": [3.25, 1.25, 3.75, 1.75], "rotation": 180, "texture": "#5"}
			}
		},
		{
			"name": "voxel",
			"from": [3.32143, 12.64286, 1.21429],
			"to": [4.46429, 13.78571, 2.35714],
			"rotation": {"angle": -45, "axis": "x", "origin": [7, 10, 0.5]},
			"faces": {
				"north": {"uv": [8.25, 1.25, 8.75, 1.75], "rotation": 270, "texture": "#5"},
				"east": {"uv": [8.25, 1.25, 8.75, 1.75], "rotation": 90, "texture": "#5"},
				"south": {"uv": [8.25, 1.25, 8.75, 1.75], "rotation": 270, "texture": "#5"},
				"west": {"uv": [8.25, 1.25, 8.75, 1.75], "rotation": 270, "texture": "#5"},
				"up": {"uv": [8.25, 1.25, 8.75, 1.75], "texture": "#5"},
				"down": {"uv": [8.25, 1.25, 8.75, 1.75], "rotation": 180, "texture": "#5"}
			}
		},
		{
			"name": "voxel",
			"from": [3.32143, 13.78571, 1.21429],
			"to": [4.46429, 14.92857, 2.35714],
			"rotation": {"angle": -45, "axis": "x", "origin": [7, 10, 0.5]},
			"faces": {
				"north": {"uv": [9.25, 1.25, 9.75, 1.75], "rotation": 270, "texture": "#5"},
				"east": {"uv": [9.25, 1.25, 9.75, 1.75], "rotation": 90, "texture": "#5"},
				"south": {"uv": [9.25, 1.25, 9.75, 1.75], "rotation": 270, "texture": "#5"},
				"west": {"uv": [9.25, 1.25, 9.75, 1.75], "rotation": 270, "texture": "#5"},
				"up": {"uv": [9.25, 1.25, 9.75, 1.75], "texture": "#5"},
				"down": {"uv": [9.25, 1.25, 9.75, 1.75], "rotation": 180, "texture": "#5"}
			}
		}
	],
	"display": {
		"thirdperson_righthand": {
			"rotation": [75, 45, 0],
			"translation": [0, 2.5, 0],
			"scale": [0.375, 0.375, 0.375]
		},
		"thirdperson_lefthand": {
			"rotation": [90, 0, 0],
			"translation": [-5, -2, -1]
		},
		"firstperson_righthand": {
			"rotation": [0, 111, 0],
			"scale": [0.4, 0.4, 0.4]
		},
		"firstperson_lefthand": {
			"rotation": [0, 132, 0],
			"scale": [0.4, 0.4, 0.4]
		},
		"ground": {
			"translation": [0, 3, 0],
			"scale": [0.25, 0.25, 0.25]
		},
		"gui": {
			"rotation": [30, 225, 0],
			"translation": [0, -2, 0],
			"scale": [0.5, 0.5, 0.5]
		},
		"head": {
			"translation": [0, -27.25, 0],
			"scale": [1.6, 1.6, 1.6]
		},
		"fixed": {
			"scale": [0.5, 0.5, 0.5]
		}
	},
	"groups": [0,
		{
			"name": "bow_2",
			"children": [1, 2, 3, 4, 5, 6, 7, 8, 9, 10, 11, 12, 13, 14, 15, 16, 17, 18, 19, 20, 21, 22, 23, 24, 25, 26, 27, 28, 29, 30, 31, 32, 33, 34, 35, 36, 37, 38, 39, 40, 41, 42, 43, 44, 45, 46, 47, 48, 49, 50, 51, 52, 53, 54, 55, 56, 57, 58, 59, 60, 61, 62, 63, 64, 65, 66, 67, 68, 69, 70, 71, 72, 73]
		}
	]
}