{
	"credit": "Made By BronGhast014 with Blockbench",
	"textures": {
		"0": "mobs/dead_lock_hurt",
		"1": "mobs/weapons/iron_sword",
		"particle": "mobs/weapons/iron_sword"
	},
	"elements": [
		{
			"name": "arms",
			"from": [12, 9, 7],
			"to": [14, 21, 9],
			"faces": {
				"north": {"uv": [4.5, 9, 5.5, 15], "texture": "#0"},
				"east": {"uv": [7, 9, 8, 15], "texture": "#0"},
				"south": {"uv": [4, 9, 5, 15], "texture": "#0"},
				"west": {"uv": [5.5, 9, 6.5, 15], "texture": "#0"},
				"up": {"uv": [3, 9, 4, 10], "texture": "#0"},
				"down": {"uv": [5, 8, 6, 9], "texture": "#0"}
			}
		},
		{
			"name": "voxel",
			"from": [12.5, 5, 5.5],
			"to": [13.5, 6, 8.5],
			"rotation": {"angle": -45, "axis": "x", "origin": [13, 13, 4.5]},
			"faces": {
				"north": {"uv": [0.25, 0.25, 0.75, 0.75], "texture": "#1"},
				"east": {"uv": [0.25, 0.25, 0.75, 0.75], "texture": "#1"},
				"south": {"uv": [0.25, 0.25, 0.75, 0.75], "texture": "#1"},
				"west": {"uv": [0.25, 0.25, 0.75, 0.75], "texture": "#1"},
				"up": {"uv": [0.25, 0.25, 0.75, 0.75], "rotation": 270, "texture": "#1"},
				"down": {"uv": [0.25, 0.25, 0.75, 0.75], "rotation": 90, "texture": "#1"}
			}
		},
		{
			"name": "voxel",
			"from": [12.5, 6, 7.5],
			"to": [13.5, 8, 8.5],
			"rotation": {"angle": -45, "axis": "x", "origin": [13, 13, 4.5]},
			"faces": {
				"north": {"uv": [1.25, 0.25, 1.75, 0.75], "texture": "#1"},
				"east": {"uv": [1.25, 0.25, 1.75, 0.75], "texture": "#1"},
				"south": {"uv": [1.25, 0.25, 1.75, 0.75], "texture": "#1"},
				"west": {"uv": [1.25, 0.25, 1.75, 0.75], "texture": "#1"},
				"up": {"uv": [1.25, 0.25, 1.75, 0.75], "rotation": 270, "texture": "#1"},
				"down": {"uv": [1.25, 0.25, 1.75, 0.75], "rotation": 90, "texture": "#1"}
			}
		},
		{
			"name": "voxel",
			"from": [12.5, 6, 6.5],
			"to": [13.5, 7, 7.5],
			"rotation": {"angle": -45, "axis": "x", "origin": [13, 13, 4.5]},
			"faces": {
				"north": {"uv": [2.25, 0.25, 2.75, 0.75], "texture": "#1"},
				"east": {"uv": [2.25, 0.25, 2.75, 0.75], "texture": "#1"},
				"south": {"uv": [2.25, 0.25, 2.75, 0.75], "texture": "#1"},
				"west": {"uv": [2.25, 0.25, 2.75, 0.75], "texture": "#1"},
				"up": {"uv": [2.25, 0.25, 2.75, 0.75], "rotation": 270, "texture": "#1"},
				"down": {"uv": [2.25, 0.25, 2.75, 0.75], "rotation": 90, "texture": "#1"}
			}
		},
		{
			"name": "voxel",
			"from": [12.5, 6, 5.5],
			"to": [13.5, 7, 6.5],
			"rotation": {"angle": -45, "axis": "x", "origin": [13, 13, 4.5]},
			"faces": {
				"north": {"uv": [0.25, 0.25, 0.75, 0.75], "texture": "#1"},
				"east": {"uv": [0.25, 0.25, 0.75, 0.75], "texture": "#1"},
				"south": {"uv": [0.25, 0.25, 0.75, 0.75], "texture": "#1"},
				"west": {"uv": [0.25, 0.25, 0.75, 0.75], "texture": "#1"},
				"up": {"uv": [0.25, 0.25, 0.75, 0.75], "rotation": 270, "texture": "#1"},
				"down": {"uv": [0.25, 0.25, 0.75, 0.75], "rotation": 90, "texture": "#1"}
			}
		},
		{
			"name": "voxel",
			"from": [12.5, 7, 6.5],
			"to": [13.5, 8, 7.5],
			"rotation": {"angle": -45, "axis": "x", "origin": [13, 13, 4.5]},
			"faces": {
				"north": {"uv": [1.25, 0.25, 1.75, 0.75], "texture": "#1"},
				"east": {"uv": [1.25, 0.25, 1.75, 0.75], "texture": "#1"},
				"south": {"uv": [1.25, 0.25, 1.75, 0.75], "texture": "#1"},
				"west": {"uv": [1.25, 0.25, 1.75, 0.75], "texture": "#1"},
				"up": {"uv": [1.25, 0.25, 1.75, 0.75], "rotation": 270, "texture": "#1"},
				"down": {"uv": [1.25, 0.25, 1.75, 0.75], "rotation": 90, "texture": "#1"}
			}
		},
		{
			"name": "voxel",
			"from": [12.5, 7, 5.5],
			"to": [13.5, 8, 6.5],
			"rotation": {"angle": -45, "axis": "x", "origin": [13, 13, 4.5]},
			"faces": {
				"north": {"uv": [3.25, 0.25, 3.75, 0.75], "texture": "#1"},
				"east": {"uv": [3.25, 0.25, 3.75, 0.75], "texture": "#1"},
				"south": {"uv": [3.25, 0.25, 3.75, 0.75], "texture": "#1"},
				"west": {"uv": [3.25, 0.25, 3.75, 0.75], "texture": "#1"},
				"up": {"uv": [3.25, 0.25, 3.75, 0.75], "rotation": 270, "texture": "#1"},
				"down": {"uv": [3.25, 0.25, 3.75, 0.75], "rotation": 90, "texture": "#1"}
			}
		},
		{
			"name": "voxel",
			"from": [12.5, 7, 4.5],
			"to": [13.5, 8, 5.5],
			"rotation": {"angle": -45, "axis": "x", "origin": [13, 13, 4.5]},
			"faces": {
				"north": {"uv": [4.25, 0.25, 4.75, 0.75], "texture": "#1"},
				"east": {"uv": [4.25, 0.25, 4.75, 0.75], "texture": "#1"},
				"south": {"uv": [4.25, 0.25, 4.75, 0.75], "texture": "#1"},
				"west": {"uv": [4.25, 0.25, 4.75, 0.75], "texture": "#1"},
				"up": {"uv": [4.25, 0.25, 4.75, 0.75], "rotation": 270, "texture": "#1"},
				"down": {"uv": [4.25, 0.25, 4.75, 0.75], "rotation": 90, "texture": "#1"}
			}
		},
		{
			"name": "voxel",
			"from": [12.5, 7, -1.5],
			"to": [13.5, 8, 0.5],
			"rotation": {"angle": -45, "axis": "x", "origin": [13, 13, 4.5]},
			"faces": {
				"north": {"uv": [0.25, 0.25, 0.75, 0.75], "texture": "#1"},
				"east": {"uv": [0.25, 0.25, 0.75, 0.75], "texture": "#1"},
				"south": {"uv": [0.25, 0.25, 0.75, 0.75], "texture": "#1"},
				"west": {"uv": [0.25, 0.25, 0.75, 0.75], "texture": "#1"},
				"up": {"uv": [0.25, 0.25, 0.75, 0.75], "rotation": 270, "texture": "#1"},
				"down": {"uv": [0.25, 0.25, 0.75, 0.75], "rotation": 90, "texture": "#1"}
			}
		},
		{
			"name": "voxel",
			"from": [12.5, 8, 5.5],
			"to": [13.5, 9, 6.5],
			"rotation": {"angle": -45, "axis": "x", "origin": [13, 13, 4.5]},
			"faces": {
				"north": {"uv": [5.25, 0.25, 5.75, 0.75], "texture": "#1"},
				"east": {"uv": [5.25, 0.25, 5.75, 0.75], "texture": "#1"},
				"south": {"uv": [5.25, 0.25, 5.75, 0.75], "texture": "#1"},
				"west": {"uv": [5.25, 0.25, 5.75, 0.75], "texture": "#1"},
				"up": {"uv": [5.25, 0.25, 5.75, 0.75], "rotation": 270, "texture": "#1"},
				"down": {"uv": [5.25, 0.25, 5.75, 0.75], "rotation": 90, "texture": "#1"}
			}
		},
		{
			"name": "voxel",
			"from": [12.5, 8, 4.5],
			"to": [13.5, 9, 5.5],
			"rotation": {"angle": -45, "axis": "x", "origin": [13, 13, 4.5]},
			"faces": {
				"north": {"uv": [6.25, 0.25, 6.75, 0.75], "texture": "#1"},
				"east": {"uv": [6.25, 0.25, 6.75, 0.75], "texture": "#1"},
				"south": {"uv": [6.25, 0.25, 6.75, 0.75], "texture": "#1"},
				"west": {"uv": [6.25, 0.25, 6.75, 0.75], "texture": "#1"},
				"up": {"uv": [6.25, 0.25, 6.75, 0.75], "rotation": 270, "texture": "#1"},
				"down": {"uv": [6.25, 0.25, 6.75, 0.75], "rotation": 90, "texture": "#1"}
			}
		},
		{
			"name": "voxel",
			"from": [12.5, 8, 3.5],
			"to": [13.5, 9, 4.5],
			"rotation": {"angle": -45, "axis": "x", "origin": [13, 13, 4.5]},
			"faces": {
				"north": {"uv": [4.25, 0.25, 4.75, 0.75], "texture": "#1"},
				"east": {"uv": [4.25, 0.25, 4.75, 0.75], "texture": "#1"},
				"south": {"uv": [4.25, 0.25, 4.75, 0.75], "texture": "#1"},
				"west": {"uv": [4.25, 0.25, 4.75, 0.75], "texture": "#1"},
				"up": {"uv": [4.25, 0.25, 4.75, 0.75], "rotation": 270, "texture": "#1"},
				"down": {"uv": [4.25, 0.25, 4.75, 0.75], "rotation": 90, "texture": "#1"}
			}
		},
		{
			"name": "voxel",
			"from": [12.5, 8, 0.5],
			"to": [13.5, 9, 2.5],
			"rotation": {"angle": -45, "axis": "x", "origin": [13, 13, 4.5]},
			"faces": {
				"north": {"uv": [0.25, 0.25, 0.75, 0.75], "texture": "#1"},
				"east": {"uv": [0.25, 0.25, 0.75, 0.75], "texture": "#1"},
				"south": {"uv": [0.25, 0.25, 0.75, 0.75], "texture": "#1"},
				"west": {"uv": [0.25, 0.25, 0.75, 0.75], "texture": "#1"},
				"up": {"uv": [0.25, 0.25, 0.75, 0.75], "rotation": 270, "texture": "#1"},
				"down": {"uv": [0.25, 0.25, 0.75, 0.75], "rotation": 90, "texture": "#1"}
			}
		},
		{
			"name": "voxel",
			"from": [12.5, 8, -0.5],
			"to": [13.5, 9, 0.5],
			"rotation": {"angle": -45, "axis": "x", "origin": [13, 13, 4.5]},
			"faces": {
				"north": {"uv": [1.25, 0.25, 1.75, 0.75], "texture": "#1"},
				"east": {"uv": [1.25, 0.25, 1.75, 0.75], "texture": "#1"},
				"south": {"uv": [1.25, 0.25, 1.75, 0.75], "texture": "#1"},
				"west": {"uv": [1.25, 0.25, 1.75, 0.75], "texture": "#1"},
				"up": {"uv": [1.25, 0.25, 1.75, 0.75], "rotation": 270, "texture": "#1"},
				"down": {"uv": [1.25, 0.25, 1.75, 0.75], "rotation": 90, "texture": "#1"}
			}
		},
		{
			"name": "voxel",
			"from": [12.5, 8, -1.5],
			"to": [13.5, 9, -0.5],
			"rotation": {"angle": -45, "axis": "x", "origin": [13, 13, 4.5]},
			"faces": {
				"north": {"uv": [0.25, 0.25, 0.75, 0.75], "texture": "#1"},
				"east": {"uv": [0.25, 0.25, 0.75, 0.75], "texture": "#1"},
				"south": {"uv": [0.25, 0.25, 0.75, 0.75], "texture": "#1"},
				"west": {"uv": [0.25, 0.25, 0.75, 0.75], "texture": "#1"},
				"up": {"uv": [0.25, 0.25, 0.75, 0.75], "rotation": 270, "texture": "#1"},
				"down": {"uv": [0.25, 0.25, 0.75, 0.75], "rotation": 90, "texture": "#1"}
			}
		},
		{
			"name": "voxel",
			"from": [12.5, 9, 4.5],
			"to": [13.5, 10, 5.5],
			"rotation": {"angle": -45, "axis": "x", "origin": [13, 13, 4.5]},
			"faces": {
				"north": {"uv": [5.25, 0.25, 5.75, 0.75], "texture": "#1"},
				"east": {"uv": [5.25, 0.25, 5.75, 0.75], "texture": "#1"},
				"south": {"uv": [5.25, 0.25, 5.75, 0.75], "texture": "#1"},
				"west": {"uv": [5.25, 0.25, 5.75, 0.75], "texture": "#1"},
				"up": {"uv": [5.25, 0.25, 5.75, 0.75], "rotation": 270, "texture": "#1"},
				"down": {"uv": [5.25, 0.25, 5.75, 0.75], "rotation": 90, "texture": "#1"}
			}
		},
		{
			"name": "voxel",
			"from": [12.5, 9, 3.5],
			"to": [13.5, 10, 4.5],
			"rotation": {"angle": -45, "axis": "x", "origin": [13, 13, 4.5]},
			"faces": {
				"north": {"uv": [3.25, 0.25, 3.75, 0.75], "texture": "#1"},
				"east": {"uv": [3.25, 0.25, 3.75, 0.75], "texture": "#1"},
				"south": {"uv": [3.25, 0.25, 3.75, 0.75], "texture": "#1"},
				"west": {"uv": [3.25, 0.25, 3.75, 0.75], "texture": "#1"},
				"up": {"uv": [3.25, 0.25, 3.75, 0.75], "rotation": 270, "texture": "#1"},
				"down": {"uv": [3.25, 0.25, 3.75, 0.75], "rotation": 90, "texture": "#1"}
			}
		},
		{
			"name": "voxel",
			"from": [12.5, 9, 2.5],
			"to": [13.5, 10, 3.5],
			"rotation": {"angle": -45, "axis": "x", "origin": [13, 13, 4.5]},
			"faces": {
				"north": {"uv": [0.25, 0.25, 0.75, 0.75], "texture": "#1"},
				"east": {"uv": [0.25, 0.25, 0.75, 0.75], "texture": "#1"},
				"south": {"uv": [0.25, 0.25, 0.75, 0.75], "texture": "#1"},
				"west": {"uv": [0.25, 0.25, 0.75, 0.75], "texture": "#1"},
				"up": {"uv": [0.25, 0.25, 0.75, 0.75], "rotation": 270, "texture": "#1"},
				"down": {"uv": [0.25, 0.25, 0.75, 0.75], "rotation": 90, "texture": "#1"}
			}
		},
		{
			"name": "voxel",
			"from": [12.5, 9, 0.5],
			"to": [13.5, 10, 2.5],
			"rotation": {"angle": -45, "axis": "x", "origin": [13, 13, 4.5]},
			"faces": {
				"north": {"uv": [1.25, 0.25, 1.75, 0.75], "texture": "#1"},
				"east": {"uv": [1.25, 0.25, 1.75, 0.75], "texture": "#1"},
				"south": {"uv": [1.25, 0.25, 1.75, 0.75], "texture": "#1"},
				"west": {"uv": [1.25, 0.25, 1.75, 0.75], "texture": "#1"},
				"up": {"uv": [1.25, 0.25, 1.75, 0.75], "rotation": 270, "texture": "#1"},
				"down": {"uv": [1.25, 0.25, 1.75, 0.75], "rotation": 90, "texture": "#1"}
			}
		},
		{
			"name": "voxel",
			"from": [12.5, 9, -0.5],
			"to": [13.5, 10, 0.5],
			"rotation": {"angle": -45, "axis": "x", "origin": [13, 13, 4.5]},
			"faces": {
				"north": {"uv": [0.25, 0.25, 0.75, 0.75], "texture": "#1"},
				"east": {"uv": [0.25, 0.25, 0.75, 0.75], "texture": "#1"},
				"south": {"uv": [0.25, 0.25, 0.75, 0.75], "texture": "#1"},
				"west": {"uv": [0.25, 0.25, 0.75, 0.75], "texture": "#1"},
				"up": {"uv": [0.25, 0.25, 0.75, 0.75], "rotation": 270, "texture": "#1"},
				"down": {"uv": [0.25, 0.25, 0.75, 0.75], "rotation": 90, "texture": "#1"}
			}
		},
		{
			"name": "voxel",
			"from": [12.5, 10, 3.5],
			"to": [13.5, 11, 4.5],
			"rotation": {"angle": -45, "axis": "x", "origin": [13, 13, 4.5]},
			"faces": {
				"north": {"uv": [1.25, 0.25, 1.75, 0.75], "texture": "#1"},
				"east": {"uv": [1.25, 0.25, 1.75, 0.75], "texture": "#1"},
				"south": {"uv": [1.25, 0.25, 1.75, 0.75], "texture": "#1"},
				"west": {"uv": [1.25, 0.25, 1.75, 0.75], "texture": "#1"},
				"up": {"uv": [1.25, 0.25, 1.75, 0.75], "rotation": 270, "texture": "#1"},
				"down": {"uv": [1.25, 0.25, 1.75, 0.75], "rotation": 90, "texture": "#1"}
			}
		},
		{
			"name": "voxel",
			"from": [12.5, 10, 2.5],
			"to": [13.5, 11, 3.5],
			"rotation": {"angle": -45, "axis": "x", "origin": [13, 13, 4.5]},
			"faces": {
				"north": {"uv": [2.25, 0.25, 2.75, 0.75], "texture": "#1"},
				"east": {"uv": [2.25, 0.25, 2.75, 0.75], "texture": "#1"},
				"south": {"uv": [2.25, 0.25, 2.75, 0.75], "texture": "#1"},
				"west": {"uv": [2.25, 0.25, 2.75, 0.75], "texture": "#1"},
				"up": {"uv": [2.25, 0.25, 2.75, 0.75], "rotation": 270, "texture": "#1"},
				"down": {"uv": [2.25, 0.25, 2.75, 0.75], "rotation": 90, "texture": "#1"}
			}
		},
		{
			"name": "voxel",
			"from": [12.5, 10, 1.5],
			"to": [13.5, 11, 2.5],
			"rotation": {"angle": -45, "axis": "x", "origin": [13, 13, 4.5]},
			"faces": {
				"north": {"uv": [1.25, 0.25, 1.75, 0.75], "texture": "#1"},
				"east": {"uv": [1.25, 0.25, 1.75, 0.75], "texture": "#1"},
				"south": {"uv": [1.25, 0.25, 1.75, 0.75], "texture": "#1"},
				"west": {"uv": [1.25, 0.25, 1.75, 0.75], "texture": "#1"},
				"up": {"uv": [1.25, 0.25, 1.75, 0.75], "rotation": 270, "texture": "#1"},
				"down": {"uv": [1.25, 0.25, 1.75, 0.75], "rotation": 90, "texture": "#1"}
			}
		},
		{
			"name": "voxel",
			"from": [12.5, 10, 0.5],
			"to": [13.5, 11, 1.5],
			"rotation": {"angle": -45, "axis": "x", "origin": [13, 13, 4.5]},
			"faces": {
				"north": {"uv": [0.25, 0.25, 0.75, 0.75], "texture": "#1"},
				"east": {"uv": [0.25, 0.25, 0.75, 0.75], "texture": "#1"},
				"south": {"uv": [0.25, 0.25, 0.75, 0.75], "texture": "#1"},
				"west": {"uv": [0.25, 0.25, 0.75, 0.75], "texture": "#1"},
				"up": {"uv": [0.25, 0.25, 0.75, 0.75], "rotation": 270, "texture": "#1"},
				"down": {"uv": [0.25, 0.25, 0.75, 0.75], "rotation": 90, "texture": "#1"}
			}
		},
		{
			"name": "voxel",
			"from": [12.5, 11, 4.5],
			"to": [13.5, 13, 5.5],
			"rotation": {"angle": -45, "axis": "x", "origin": [13, 13, 4.5]},
			"faces": {
				"north": {"uv": [1.25, 0.25, 1.75, 0.75], "texture": "#1"},
				"east": {"uv": [1.25, 0.25, 1.75, 0.75], "texture": "#1"},
				"south": {"uv": [1.25, 0.25, 1.75, 0.75], "texture": "#1"},
				"west": {"uv": [1.25, 0.25, 1.75, 0.75], "texture": "#1"},
				"up": {"uv": [1.25, 0.25, 1.75, 0.75], "rotation": 270, "texture": "#1"},
				"down": {"uv": [1.25, 0.25, 1.75, 0.75], "rotation": 90, "texture": "#1"}
			}
		},
		{
			"name": "voxel",
			"from": [12.5, 11, 2.5],
			"to": [13.5, 12, 4.5],
			"rotation": {"angle": -45, "axis": "x", "origin": [13, 13, 4.5]},
			"faces": {
				"north": {"uv": [7.25, 0.25, 7.75, 0.75], "texture": "#1"},
				"east": {"uv": [7.25, 0.25, 7.75, 0.75], "texture": "#1"},
				"south": {"uv": [7.25, 0.25, 7.75, 0.75], "texture": "#1"},
				"west": {"uv": [7.25, 0.25, 7.75, 0.75], "texture": "#1"},
				"up": {"uv": [7.25, 0.25, 7.75, 0.75], "rotation": 270, "texture": "#1"},
				"down": {"uv": [7.25, 0.25, 7.75, 0.75], "rotation": 90, "texture": "#1"}
			}
		},
		{
			"name": "voxel",
			"from": [12.5, 11, 1.5],
			"to": [13.5, 12, 2.5],
			"rotation": {"angle": -45, "axis": "x", "origin": [13, 13, 4.5]},
			"faces": {
				"north": {"uv": [2.25, 0.25, 2.75, 0.75], "texture": "#1"},
				"east": {"uv": [2.25, 0.25, 2.75, 0.75], "texture": "#1"},
				"south": {"uv": [2.25, 0.25, 2.75, 0.75], "texture": "#1"},
				"west": {"uv": [2.25, 0.25, 2.75, 0.75], "texture": "#1"},
				"up": {"uv": [2.25, 0.25, 2.75, 0.75], "rotation": 270, "texture": "#1"},
				"down": {"uv": [2.25, 0.25, 2.75, 0.75], "rotation": 90, "texture": "#1"}
			}
		},
		{
			"name": "voxel",
			"from": [12.5, 11, 0.5],
			"to": [13.5, 12, 1.5],
			"rotation": {"angle": -45, "axis": "x", "origin": [13, 13, 4.5]},
			"faces": {
				"north": {"uv": [8.25, 0.25, 8.75, 0.75], "texture": "#1"},
				"east": {"uv": [8.25, 0.25, 8.75, 0.75], "texture": "#1"},
				"south": {"uv": [8.25, 0.25, 8.75, 0.75], "texture": "#1"},
				"west": {"uv": [8.25, 0.25, 8.75, 0.75], "texture": "#1"},
				"up": {"uv": [8.25, 0.25, 8.75, 0.75], "rotation": 270, "texture": "#1"},
				"down": {"uv": [8.25, 0.25, 8.75, 0.75], "rotation": 90, "texture": "#1"}
			}
		},
		{
			"name": "voxel",
			"from": [12.5, 11, -0.5],
			"to": [13.5, 12, 0.5],
			"rotation": {"angle": -45, "axis": "x", "origin": [13, 13, 4.5]},
			"faces": {
				"north": {"uv": [0.25, 0.25, 0.75, 0.75], "texture": "#1"},
				"east": {"uv": [0.25, 0.25, 0.75, 0.75], "texture": "#1"},
				"south": {"uv": [0.25, 0.25, 0.75, 0.75], "texture": "#1"},
				"west": {"uv": [0.25, 0.25, 0.75, 0.75], "texture": "#1"},
				"up": {"uv": [0.25, 0.25, 0.75, 0.75], "rotation": 270, "texture": "#1"},
				"down": {"uv": [0.25, 0.25, 0.75, 0.75], "rotation": 90, "texture": "#1"}
			}
		},
		{
			"name": "voxel",
			"from": [12.5, 12, 3.5],
			"to": [13.5, 13, 4.5],
			"rotation": {"angle": -45, "axis": "x", "origin": [13, 13, 4.5]},
			"faces": {
				"north": {"uv": [7.25, 0.25, 7.75, 0.75], "texture": "#1"},
				"east": {"uv": [7.25, 0.25, 7.75, 0.75], "texture": "#1"},
				"south": {"uv": [7.25, 0.25, 7.75, 0.75], "texture": "#1"},
				"west": {"uv": [7.25, 0.25, 7.75, 0.75], "texture": "#1"},
				"up": {"uv": [7.25, 0.25, 7.75, 0.75], "rotation": 270, "texture": "#1"},
				"down": {"uv": [7.25, 0.25, 7.75, 0.75], "rotation": 90, "texture": "#1"}
			}
		},
		{
			"name": "voxel",
			"from": [12.5, 12, 2.5],
			"to": [13.5, 13, 3.5],
			"rotation": {"angle": -45, "axis": "x", "origin": [13, 13, 4.5]},
			"faces": {
				"north": {"uv": [0.25, 0.25, 0.75, 0.75], "texture": "#1"},
				"east": {"uv": [0.25, 0.25, 0.75, 0.75], "texture": "#1"},
				"south": {"uv": [0.25, 0.25, 0.75, 0.75], "texture": "#1"},
				"west": {"uv": [0.25, 0.25, 0.75, 0.75], "texture": "#1"},
				"up": {"uv": [0.25, 0.25, 0.75, 0.75], "rotation": 270, "texture": "#1"},
				"down": {"uv": [0.25, 0.25, 0.75, 0.75], "rotation": 90, "texture": "#1"}
			}
		},
		{
			"name": "voxel",
			"from": [12.5, 12, 1.5],
			"to": [13.5, 13, 2.5],
			"rotation": {"angle": -45, "axis": "x", "origin": [13, 13, 4.5]},
			"faces": {
				"north": {"uv": [8.25, 0.25, 8.75, 0.75], "texture": "#1"},
				"east": {"uv": [8.25, 0.25, 8.75, 0.75], "texture": "#1"},
				"south": {"uv": [8.25, 0.25, 8.75, 0.75], "texture": "#1"},
				"west": {"uv": [8.25, 0.25, 8.75, 0.75], "texture": "#1"},
				"up": {"uv": [8.25, 0.25, 8.75, 0.75], "rotation": 270, "texture": "#1"},
				"down": {"uv": [8.25, 0.25, 8.75, 0.75], "rotation": 90, "texture": "#1"}
			}
		},
		{
			"name": "voxel",
			"from": [12.5, 12, 0.5],
			"to": [13.5, 13, 1.5],
			"rotation": {"angle": -45, "axis": "x", "origin": [13, 13, 4.5]},
			"faces": {
				"north": {"uv": [7.25, 0.25, 7.75, 0.75], "texture": "#1"},
				"east": {"uv": [7.25, 0.25, 7.75, 0.75], "texture": "#1"},
				"south": {"uv": [7.25, 0.25, 7.75, 0.75], "texture": "#1"},
				"west": {"uv": [7.25, 0.25, 7.75, 0.75], "texture": "#1"},
				"up": {"uv": [7.25, 0.25, 7.75, 0.75], "rotation": 270, "texture": "#1"},
				"down": {"uv": [7.25, 0.25, 7.75, 0.75], "rotation": 90, "texture": "#1"}
			}
		},
		{
			"name": "voxel",
			"from": [12.5, 12, -0.5],
			"to": [13.5, 13, 0.5],
			"rotation": {"angle": -45, "axis": "x", "origin": [13, 13, 4.5]},
			"faces": {
				"north": {"uv": [8.25, 0.25, 8.75, 0.75], "texture": "#1"},
				"east": {"uv": [8.25, 0.25, 8.75, 0.75], "texture": "#1"},
				"south": {"uv": [8.25, 0.25, 8.75, 0.75], "texture": "#1"},
				"west": {"uv": [8.25, 0.25, 8.75, 0.75], "texture": "#1"},
				"up": {"uv": [8.25, 0.25, 8.75, 0.75], "rotation": 270, "texture": "#1"},
				"down": {"uv": [8.25, 0.25, 8.75, 0.75], "rotation": 90, "texture": "#1"}
			}
		},
		{
			"name": "voxel",
			"from": [12.5, 12, -1.5],
			"to": [13.5, 13, -0.5],
			"rotation": {"angle": -45, "axis": "x", "origin": [13, 13, 4.5]},
			"faces": {
				"north": {"uv": [0.25, 0.25, 0.75, 0.75], "texture": "#1"},
				"east": {"uv": [0.25, 0.25, 0.75, 0.75], "texture": "#1"},
				"south": {"uv": [0.25, 0.25, 0.75, 0.75], "texture": "#1"},
				"west": {"uv": [0.25, 0.25, 0.75, 0.75], "texture": "#1"},
				"up": {"uv": [0.25, 0.25, 0.75, 0.75], "rotation": 270, "texture": "#1"},
				"down": {"uv": [0.25, 0.25, 0.75, 0.75], "rotation": 90, "texture": "#1"}
			}
		},
		{
			"name": "voxel",
			"from": [12.5, 13, 5.5],
			"to": [13.5, 15, 6.5],
			"rotation": {"angle": -45, "axis": "x", "origin": [13, 13, 4.5]},
			"faces": {
				"north": {"uv": [1.25, 0.25, 1.75, 0.75], "texture": "#1"},
				"east": {"uv": [1.25, 0.25, 1.75, 0.75], "texture": "#1"},
				"south": {"uv": [1.25, 0.25, 1.75, 0.75], "texture": "#1"},
				"west": {"uv": [1.25, 0.25, 1.75, 0.75], "texture": "#1"},
				"up": {"uv": [1.25, 0.25, 1.75, 0.75], "rotation": 270, "texture": "#1"},
				"down": {"uv": [1.25, 0.25, 1.75, 0.75], "rotation": 90, "texture": "#1"}
			}
		},
		{
			"name": "voxel",
			"from": [12.5, 13, 4.5],
			"to": [13.5, 14, 5.5],
			"rotation": {"angle": -45, "axis": "x", "origin": [13, 13, 4.5]},
			"faces": {
				"north": {"uv": [2.25, 0.25, 2.75, 0.75], "texture": "#1"},
				"east": {"uv": [2.25, 0.25, 2.75, 0.75], "texture": "#1"},
				"south": {"uv": [2.25, 0.25, 2.75, 0.75], "texture": "#1"},
				"west": {"uv": [2.25, 0.25, 2.75, 0.75], "texture": "#1"},
				"up": {"uv": [2.25, 0.25, 2.75, 0.75], "rotation": 270, "texture": "#1"},
				"down": {"uv": [2.25, 0.25, 2.75, 0.75], "rotation": 90, "texture": "#1"}
			}
		},
		{
			"name": "voxel",
			"from": [12.5, 13, 3.5],
			"to": [13.5, 14, 4.5],
			"rotation": {"angle": -45, "axis": "x", "origin": [13, 13, 4.5]},
			"faces": {
				"north": {"uv": [1.25, 0.25, 1.75, 0.75], "texture": "#1"},
				"east": {"uv": [1.25, 0.25, 1.75, 0.75], "texture": "#1"},
				"south": {"uv": [1.25, 0.25, 1.75, 0.75], "texture": "#1"},
				"west": {"uv": [1.25, 0.25, 1.75, 0.75], "texture": "#1"},
				"up": {"uv": [1.25, 0.25, 1.75, 0.75], "rotation": 270, "texture": "#1"},
				"down": {"uv": [1.25, 0.25, 1.75, 0.75], "rotation": 90, "texture": "#1"}
			}
		},
		{
			"name": "voxel",
			"from": [12.5, 13, 1.5],
			"to": [13.5, 14, 2.5],
			"rotation": {"angle": -45, "axis": "x", "origin": [13, 13, 4.5]},
			"faces": {
				"north": {"uv": [1.25, 0.25, 1.75, 0.75], "texture": "#1"},
				"east": {"uv": [1.25, 0.25, 1.75, 0.75], "texture": "#1"},
				"south": {"uv": [1.25, 0.25, 1.75, 0.75], "texture": "#1"},
				"west": {"uv": [1.25, 0.25, 1.75, 0.75], "texture": "#1"},
				"up": {"uv": [1.25, 0.25, 1.75, 0.75], "rotation": 270, "texture": "#1"},
				"down": {"uv": [1.25, 0.25, 1.75, 0.75], "rotation": 90, "texture": "#1"}
			}
		},
		{
			"name": "voxel",
			"from": [12.5, 13, 0.5],
			"to": [13.5, 14, 1.5],
			"rotation": {"angle": -45, "axis": "x", "origin": [13, 13, 4.5]},
			"faces": {
				"north": {"uv": [8.25, 0.25, 8.75, 0.75], "texture": "#1"},
				"east": {"uv": [8.25, 0.25, 8.75, 0.75], "texture": "#1"},
				"south": {"uv": [8.25, 0.25, 8.75, 0.75], "texture": "#1"},
				"west": {"uv": [8.25, 0.25, 8.75, 0.75], "texture": "#1"},
				"up": {"uv": [8.25, 0.25, 8.75, 0.75], "rotation": 270, "texture": "#1"},
				"down": {"uv": [8.25, 0.25, 8.75, 0.75], "rotation": 90, "texture": "#1"}
			}
		},
		{
			"name": "voxel",
			"from": [12.5, 13, -0.5],
			"to": [13.5, 14, 0.5],
			"rotation": {"angle": -45, "axis": "x", "origin": [13, 13, 4.5]},
			"faces": {
				"north": {"uv": [9.25, 0.25, 9.75, 0.75], "texture": "#1"},
				"east": {"uv": [9.25, 0.25, 9.75, 0.75], "texture": "#1"},
				"south": {"uv": [9.25, 0.25, 9.75, 0.75], "texture": "#1"},
				"west": {"uv": [9.25, 0.25, 9.75, 0.75], "texture": "#1"},
				"up": {"uv": [9.25, 0.25, 9.75, 0.75], "rotation": 270, "texture": "#1"},
				"down": {"uv": [9.25, 0.25, 9.75, 0.75], "rotation": 90, "texture": "#1"}
			}
		},
		{
			"name": "voxel",
			"from": [12.5, 13, -1.5],
			"to": [13.5, 14, -0.5],
			"rotation": {"angle": -45, "axis": "x", "origin": [13, 13, 4.5]},
			"faces": {
				"north": {"uv": [8.25, 0.25, 8.75, 0.75], "texture": "#1"},
				"east": {"uv": [8.25, 0.25, 8.75, 0.75], "texture": "#1"},
				"south": {"uv": [8.25, 0.25, 8.75, 0.75], "texture": "#1"},
				"west": {"uv": [8.25, 0.25, 8.75, 0.75], "texture": "#1"},
				"up": {"uv": [8.25, 0.25, 8.75, 0.75], "rotation": 270, "texture": "#1"},
				"down": {"uv": [8.25, 0.25, 8.75, 0.75], "rotation": 90, "texture": "#1"}
			}
		},
		{
			"name": "voxel",
			"from": [12.5, 13, -2.5],
			"to": [13.5, 14, -1.5],
			"rotation": {"angle": -45, "axis": "x", "origin": [13, 13, 4.5]},
			"faces": {
				"north": {"uv": [0.25, 0.25, 0.75, 0.75], "texture": "#1"},
				"east": {"uv": [0.25, 0.25, 0.75, 0.75], "texture": "#1"},
				"south": {"uv": [0.25, 0.25, 0.75, 0.75], "texture": "#1"},
				"west": {"uv": [0.25, 0.25, 0.75, 0.75], "texture": "#1"},
				"up": {"uv": [0.25, 0.25, 0.75, 0.75], "rotation": 270, "texture": "#1"},
				"down": {"uv": [0.25, 0.25, 0.75, 0.75], "rotation": 90, "texture": "#1"}
			}
		},
		{
			"name": "voxel",
			"from": [12.5, 14, 4.5],
			"to": [13.5, 15, 5.5],
			"rotation": {"angle": -45, "axis": "x", "origin": [13, 13, 4.5]},
			"faces": {
				"north": {"uv": [1.25, 0.25, 1.75, 0.75], "texture": "#1"},
				"east": {"uv": [1.25, 0.25, 1.75, 0.75], "texture": "#1"},
				"south": {"uv": [1.25, 0.25, 1.75, 0.75], "texture": "#1"},
				"west": {"uv": [1.25, 0.25, 1.75, 0.75], "texture": "#1"},
				"up": {"uv": [1.25, 0.25, 1.75, 0.75], "rotation": 270, "texture": "#1"},
				"down": {"uv": [1.25, 0.25, 1.75, 0.75], "rotation": 90, "texture": "#1"}
			}
		},
		{
			"name": "voxel",
			"from": [12.5, 14, 0.5],
			"to": [13.5, 15, 1.5],
			"rotation": {"angle": -45, "axis": "x", "origin": [13, 13, 4.5]},
			"faces": {
				"north": {"uv": [1.25, 0.25, 1.75, 0.75], "texture": "#1"},
				"east": {"uv": [1.25, 0.25, 1.75, 0.75], "texture": "#1"},
				"south": {"uv": [1.25, 0.25, 1.75, 0.75], "texture": "#1"},
				"west": {"uv": [1.25, 0.25, 1.75, 0.75], "texture": "#1"},
				"up": {"uv": [1.25, 0.25, 1.75, 0.75], "rotation": 270, "texture": "#1"},
				"down": {"uv": [1.25, 0.25, 1.75, 0.75], "rotation": 90, "texture": "#1"}
			}
		},
		{
			"name": "voxel",
			"from": [12.5, 14, -0.5],
			"to": [13.5, 15, 0.5],
			"rotation": {"angle": -45, "axis": "x", "origin": [13, 13, 4.5]},
			"faces": {
				"north": {"uv": [8.25, 0.25, 8.75, 0.75], "texture": "#1"},
				"east": {"uv": [8.25, 0.25, 8.75, 0.75], "texture": "#1"},
				"south": {"uv": [8.25, 0.25, 8.75, 0.75], "texture": "#1"},
				"west": {"uv": [8.25, 0.25, 8.75, 0.75], "texture": "#1"},
				"up": {"uv": [8.25, 0.25, 8.75, 0.75], "rotation": 270, "texture": "#1"},
				"down": {"uv": [8.25, 0.25, 8.75, 0.75], "rotation": 90, "texture": "#1"}
			}
		},
		{
			"name": "voxel",
			"from": [12.5, 14, -1.5],
			"to": [13.5, 15, -0.5],
			"rotation": {"angle": -45, "axis": "x", "origin": [13, 13, 4.5]},
			"faces": {
				"north": {"uv": [9.25, 0.25, 9.75, 0.75], "texture": "#1"},
				"east": {"uv": [9.25, 0.25, 9.75, 0.75], "texture": "#1"},
				"south": {"uv": [9.25, 0.25, 9.75, 0.75], "texture": "#1"},
				"west": {"uv": [9.25, 0.25, 9.75, 0.75], "texture": "#1"},
				"up": {"uv": [9.25, 0.25, 9.75, 0.75], "rotation": 270, "texture": "#1"},
				"down": {"uv": [9.25, 0.25, 9.75, 0.75], "rotation": 90, "texture": "#1"}
			}
		},
		{
			"name": "voxel",
			"from": [12.5, 14, -2.5],
			"to": [13.5, 15, -1.5],
			"rotation": {"angle": -45, "axis": "x", "origin": [13, 13, 4.5]},
			"faces": {
				"north": {"uv": [8.25, 0.25, 8.75, 0.75], "texture": "#1"},
				"east": {"uv": [8.25, 0.25, 8.75, 0.75], "texture": "#1"},
				"south": {"uv": [8.25, 0.25, 8.75, 0.75], "texture": "#1"},
				"west": {"uv": [8.25, 0.25, 8.75, 0.75], "texture": "#1"},
				"up": {"uv": [8.25, 0.25, 8.75, 0.75], "rotation": 270, "texture": "#1"},
				"down": {"uv": [8.25, 0.25, 8.75, 0.75], "rotation": 90, "texture": "#1"}
			}
		},
		{
			"name": "voxel",
			"from": [12.5, 14, -3.5],
			"to": [13.5, 15, -2.5],
			"rotation": {"angle": -45, "axis": "x", "origin": [13, 13, 4.5]},
			"faces": {
				"north": {"uv": [0.25, 0.25, 0.75, 0.75], "texture": "#1"},
				"east": {"uv": [0.25, 0.25, 0.75, 0.75], "texture": "#1"},
				"south": {"uv": [0.25, 0.25, 0.75, 0.75], "texture": "#1"},
				"west": {"uv": [0.25, 0.25, 0.75, 0.75], "texture": "#1"},
				"up": {"uv": [0.25, 0.25, 0.75, 0.75], "rotation": 270, "texture": "#1"},
				"down": {"uv": [0.25, 0.25, 0.75, 0.75], "rotation": 90, "texture": "#1"}
			}
		},
		{
			"name": "voxel",
			"from": [12.5, 15, -0.5],
			"to": [13.5, 16, 0.5],
			"rotation": {"angle": -45, "axis": "x", "origin": [13, 13, 4.5]},
			"faces": {
				"north": {"uv": [1.25, 0.25, 1.75, 0.75], "texture": "#1"},
				"east": {"uv": [1.25, 0.25, 1.75, 0.75], "texture": "#1"},
				"south": {"uv": [1.25, 0.25, 1.75, 0.75], "texture": "#1"},
				"west": {"uv": [1.25, 0.25, 1.75, 0.75], "texture": "#1"},
				"up": {"uv": [1.25, 0.25, 1.75, 0.75], "rotation": 270, "texture": "#1"},
				"down": {"uv": [1.25, 0.25, 1.75, 0.75], "rotation": 90, "texture": "#1"}
			}
		},
		{
			"name": "voxel",
			"from": [12.5, 15, -1.5],
			"to": [13.5, 16, -0.5],
			"rotation": {"angle": -45, "axis": "x", "origin": [13, 13, 4.5]},
			"faces": {
				"north": {"uv": [10.25, 0.25, 10.75, 0.75], "texture": "#1"},
				"east": {"uv": [10.25, 0.25, 10.75, 0.75], "texture": "#1"},
				"south": {"uv": [10.25, 0.25, 10.75, 0.75], "texture": "#1"},
				"west": {"uv": [10.25, 0.25, 10.75, 0.75], "texture": "#1"},
				"up": {"uv": [10.25, 0.25, 10.75, 0.75], "rotation": 270, "texture": "#1"},
				"down": {"uv": [10.25, 0.25, 10.75, 0.75], "rotation": 90, "texture": "#1"}
			}
		},
		{
			"name": "voxel",
			"from": [12.5, 15, -2.5],
			"to": [13.5, 16, -1.5],
			"rotation": {"angle": -45, "axis": "x", "origin": [13, 13, 4.5]},
			"faces": {
				"north": {"uv": [9.25, 0.25, 9.75, 0.75], "texture": "#1"},
				"east": {"uv": [9.25, 0.25, 9.75, 0.75], "texture": "#1"},
				"south": {"uv": [9.25, 0.25, 9.75, 0.75], "texture": "#1"},
				"west": {"uv": [9.25, 0.25, 9.75, 0.75], "texture": "#1"},
				"up": {"uv": [9.25, 0.25, 9.75, 0.75], "rotation": 270, "texture": "#1"},
				"down": {"uv": [9.25, 0.25, 9.75, 0.75], "rotation": 90, "texture": "#1"}
			}
		},
		{
			"name": "voxel",
			"from": [12.5, 15, -3.5],
			"to": [13.5, 16, -2.5],
			"rotation": {"angle": -45, "axis": "x", "origin": [13, 13, 4.5]},
			"faces": {
				"north": {"uv": [8.25, 0.25, 8.75, 0.75], "texture": "#1"},
				"east": {"uv": [8.25, 0.25, 8.75, 0.75], "texture": "#1"},
				"south": {"uv": [8.25, 0.25, 8.75, 0.75], "texture": "#1"},
				"west": {"uv": [8.25, 0.25, 8.75, 0.75], "texture": "#1"},
				"up": {"uv": [8.25, 0.25, 8.75, 0.75], "rotation": 270, "texture": "#1"},
				"down": {"uv": [8.25, 0.25, 8.75, 0.75], "rotation": 90, "texture": "#1"}
			}
		},
		{
			"name": "voxel",
			"from": [12.5, 15, -4.5],
			"to": [13.5, 16, -3.5],
			"rotation": {"angle": -45, "axis": "x", "origin": [13, 13, 4.5]},
			"faces": {
				"north": {"uv": [0.25, 0.25, 0.75, 0.75], "texture": "#1"},
				"east": {"uv": [0.25, 0.25, 0.75, 0.75], "texture": "#1"},
				"south": {"uv": [0.25, 0.25, 0.75, 0.75], "texture": "#1"},
				"west": {"uv": [0.25, 0.25, 0.75, 0.75], "texture": "#1"},
				"up": {"uv": [0.25, 0.25, 0.75, 0.75], "rotation": 270, "texture": "#1"},
				"down": {"uv": [0.25, 0.25, 0.75, 0.75], "rotation": 90, "texture": "#1"}
			}
		},
		{
			"name": "voxel",
			"from": [12.5, 16, -1.5],
			"to": [13.5, 17, -0.5],
			"rotation": {"angle": -45, "axis": "x", "origin": [13, 13, 4.5]},
			"faces": {
				"north": {"uv": [1.25, 0.25, 1.75, 0.75], "texture": "#1"},
				"east": {"uv": [1.25, 0.25, 1.75, 0.75], "texture": "#1"},
				"south": {"uv": [1.25, 0.25, 1.75, 0.75], "texture": "#1"},
				"west": {"uv": [1.25, 0.25, 1.75, 0.75], "texture": "#1"},
				"up": {"uv": [1.25, 0.25, 1.75, 0.75], "rotation": 270, "texture": "#1"},
				"down": {"uv": [1.25, 0.25, 1.75, 0.75], "rotation": 90, "texture": "#1"}
			}
		},
		{
			"name": "voxel",
			"from": [12.5, 16, -2.5],
			"to": [13.5, 17, -1.5],
			"rotation": {"angle": -45, "axis": "x", "origin": [13, 13, 4.5]},
			"faces": {
				"north": {"uv": [10.25, 0.25, 10.75, 0.75], "texture": "#1"},
				"east": {"uv": [10.25, 0.25, 10.75, 0.75], "texture": "#1"},
				"south": {"uv": [10.25, 0.25, 10.75, 0.75], "texture": "#1"},
				"west": {"uv": [10.25, 0.25, 10.75, 0.75], "texture": "#1"},
				"up": {"uv": [10.25, 0.25, 10.75, 0.75], "rotation": 270, "texture": "#1"},
				"down": {"uv": [10.25, 0.25, 10.75, 0.75], "rotation": 90, "texture": "#1"}
			}
		},
		{
			"name": "voxel",
			"from": [12.5, 16, -3.5],
			"to": [13.5, 17, -2.5],
			"rotation": {"angle": -45, "axis": "x", "origin": [13, 13, 4.5]},
			"faces": {
				"north": {"uv": [9.25, 0.25, 9.75, 0.75], "texture": "#1"},
				"east": {"uv": [9.25, 0.25, 9.75, 0.75], "texture": "#1"},
				"south": {"uv": [9.25, 0.25, 9.75, 0.75], "texture": "#1"},
				"west": {"uv": [9.25, 0.25, 9.75, 0.75], "texture": "#1"},
				"up": {"uv": [9.25, 0.25, 9.75, 0.75], "rotation": 270, "texture": "#1"},
				"down": {"uv": [9.25, 0.25, 9.75, 0.75], "rotation": 90, "texture": "#1"}
			}
		},
		{
			"name": "voxel",
			"from": [12.5, 16, -4.5],
			"to": [13.5, 17, -3.5],
			"rotation": {"angle": -45, "axis": "x", "origin": [13, 13, 4.5]},
			"faces": {
				"north": {"uv": [8.25, 0.25, 8.75, 0.75], "texture": "#1"},
				"east": {"uv": [8.25, 0.25, 8.75, 0.75], "texture": "#1"},
				"south": {"uv": [8.25, 0.25, 8.75, 0.75], "texture": "#1"},
				"west": {"uv": [8.25, 0.25, 8.75, 0.75], "texture": "#1"},
				"up": {"uv": [8.25, 0.25, 8.75, 0.75], "rotation": 270, "texture": "#1"},
				"down": {"uv": [8.25, 0.25, 8.75, 0.75], "rotation": 90, "texture": "#1"}
			}
		},
		{
			"name": "voxel",
			"from": [12.5, 16, -5.5],
			"to": [13.5, 17, -4.5],
			"rotation": {"angle": -45, "axis": "x", "origin": [13, 13, 4.5]},
			"faces": {
				"north": {"uv": [0.25, 0.25, 0.75, 0.75], "texture": "#1"},
				"east": {"uv": [0.25, 0.25, 0.75, 0.75], "texture": "#1"},
				"south": {"uv": [0.25, 0.25, 0.75, 0.75], "texture": "#1"},
				"west": {"uv": [0.25, 0.25, 0.75, 0.75], "texture": "#1"},
				"up": {"uv": [0.25, 0.25, 0.75, 0.75], "rotation": 270, "texture": "#1"},
				"down": {"uv": [0.25, 0.25, 0.75, 0.75], "rotation": 90, "texture": "#1"}
			}
		},
		{
			"name": "voxel",
			"from": [12.5, 17, -2.5],
			"to": [13.5, 18, -1.5],
			"rotation": {"angle": -45, "axis": "x", "origin": [13, 13, 4.5]},
			"faces": {
				"north": {"uv": [1.25, 0.25, 1.75, 0.75], "texture": "#1"},
				"east": {"uv": [1.25, 0.25, 1.75, 0.75], "texture": "#1"},
				"south": {"uv": [1.25, 0.25, 1.75, 0.75], "texture": "#1"},
				"west": {"uv": [1.25, 0.25, 1.75, 0.75], "texture": "#1"},
				"up": {"uv": [1.25, 0.25, 1.75, 0.75], "rotation": 270, "texture": "#1"},
				"down": {"uv": [1.25, 0.25, 1.75, 0.75], "rotation": 90, "texture": "#1"}
			}
		},
		{
			"name": "voxel",
			"from": [12.5, 17, -3.5],
			"to": [13.5, 18, -2.5],
			"rotation": {"angle": -45, "axis": "x", "origin": [13, 13, 4.5]},
			"faces": {
				"north": {"uv": [10.25, 0.25, 10.75, 0.75], "texture": "#1"},
				"east": {"uv": [10.25, 0.25, 10.75, 0.75], "texture": "#1"},
				"south": {"uv": [10.25, 0.25, 10.75, 0.75], "texture": "#1"},
				"west": {"uv": [10.25, 0.25, 10.75, 0.75], "texture": "#1"},
				"up": {"uv": [10.25, 0.25, 10.75, 0.75], "rotation": 270, "texture": "#1"},
				"down": {"uv": [10.25, 0.25, 10.75, 0.75], "rotation": 90, "texture": "#1"}
			}
		},
		{
			"name": "voxel",
			"from": [12.5, 17, -4.5],
			"to": [13.5, 18, -3.5],
			"rotation": {"angle": -45, "axis": "x", "origin": [13, 13, 4.5]},
			"faces": {
				"north": {"uv": [9.25, 0.25, 9.75, 0.75], "texture": "#1"},
				"east": {"uv": [9.25, 0.25, 9.75, 0.75], "texture": "#1"},
				"south": {"uv": [9.25, 0.25, 9.75, 0.75], "texture": "#1"},
				"west": {"uv": [9.25, 0.25, 9.75, 0.75], "texture": "#1"},
				"up": {"uv": [9.25, 0.25, 9.75, 0.75], "rotation": 270, "texture": "#1"},
				"down": {"uv": [9.25, 0.25, 9.75, 0.75], "rotation": 90, "texture": "#1"}
			}
		},
		{
			"name": "voxel",
			"from": [12.5, 17, -5.5],
			"to": [13.5, 18, -4.5],
			"rotation": {"angle": -45, "axis": "x", "origin": [13, 13, 4.5]},
			"faces": {
				"north": {"uv": [10.25, 0.25, 10.75, 0.75], "texture": "#1"},
				"east": {"uv": [10.25, 0.25, 10.75, 0.75], "texture": "#1"},
				"south": {"uv": [10.25, 0.25, 10.75, 0.75], "texture": "#1"},
				"west": {"uv": [10.25, 0.25, 10.75, 0.75], "texture": "#1"},
				"up": {"uv": [10.25, 0.25, 10.75, 0.75], "rotation": 270, "texture": "#1"},
				"down": {"uv": [10.25, 0.25, 10.75, 0.75], "rotation": 90, "texture": "#1"}
			}
		},
		{
			"name": "voxel",
			"from": [12.5, 17, -6.5],
			"to": [13.5, 18, -5.5],
			"rotation": {"angle": -45, "axis": "x", "origin": [13, 13, 4.5]},
			"faces": {
				"north": {"uv": [0.25, 0.25, 0.75, 0.75], "texture": "#1"},
				"east": {"uv": [0.25, 0.25, 0.75, 0.75], "texture": "#1"},
				"south": {"uv": [0.25, 0.25, 0.75, 0.75], "texture": "#1"},
				"west": {"uv": [0.25, 0.25, 0.75, 0.75], "texture": "#1"},
				"up": {"uv": [0.25, 0.25, 0.75, 0.75], "rotation": 270, "texture": "#1"},
				"down": {"uv": [0.25, 0.25, 0.75, 0.75], "rotation": 90, "texture": "#1"}
			}
		},
		{
			"name": "voxel",
			"from": [12.5, 18, -3.5],
			"to": [13.5, 19, -2.5],
			"rotation": {"angle": -45, "axis": "x", "origin": [13, 13, 4.5]},
			"faces": {
				"north": {"uv": [1.25, 0.25, 1.75, 0.75], "texture": "#1"},
				"east": {"uv": [1.25, 0.25, 1.75, 0.75], "texture": "#1"},
				"south": {"uv": [1.25, 0.25, 1.75, 0.75], "texture": "#1"},
				"west": {"uv": [1.25, 0.25, 1.75, 0.75], "texture": "#1"},
				"up": {"uv": [1.25, 0.25, 1.75, 0.75], "rotation": 270, "texture": "#1"},
				"down": {"uv": [1.25, 0.25, 1.75, 0.75], "rotation": 90, "texture": "#1"}
			}
		},
		{
			"name": "voxel",
			"from": [12.5, 18, -4.5],
			"to": [13.5, 19, -3.5],
			"rotation": {"angle": -45, "axis": "x", "origin": [13, 13, 4.5]},
			"faces": {
				"north": {"uv": [10.25, 0.25, 10.75, 0.75], "texture": "#1"},
				"east": {"uv": [10.25, 0.25, 10.75, 0.75], "texture": "#1"},
				"south": {"uv": [10.25, 0.25, 10.75, 0.75], "texture": "#1"},
				"west": {"uv": [10.25, 0.25, 10.75, 0.75], "texture": "#1"},
				"up": {"uv": [10.25, 0.25, 10.75, 0.75], "rotation": 270, "texture": "#1"},
				"down": {"uv": [10.25, 0.25, 10.75, 0.75], "rotation": 90, "texture": "#1"}
			}
		},
		{
			"name": "voxel",
			"from": [12.5, 18, -5.5],
			"to": [13.5, 19, -4.5],
			"rotation": {"angle": -45, "axis": "x", "origin": [13, 13, 4.5]},
			"faces": {
				"north": {"uv": [9.25, 0.25, 9.75, 0.75], "texture": "#1"},
				"east": {"uv": [9.25, 0.25, 9.75, 0.75], "texture": "#1"},
				"south": {"uv": [9.25, 0.25, 9.75, 0.75], "texture": "#1"},
				"west": {"uv": [9.25, 0.25, 9.75, 0.75], "texture": "#1"},
				"up": {"uv": [9.25, 0.25, 9.75, 0.75], "rotation": 270, "texture": "#1"},
				"down": {"uv": [9.25, 0.25, 9.75, 0.75], "rotation": 90, "texture": "#1"}
			}
		},
		{
			"name": "voxel",
			"from": [12.5, 18, -6.5],
			"to": [13.5, 20, -5.5],
			"rotation": {"angle": -45, "axis": "x", "origin": [13, 13, 4.5]},
			"faces": {
				"north": {"uv": [10.25, 0.25, 10.75, 0.75], "texture": "#1"},
				"east": {"uv": [10.25, 0.25, 10.75, 0.75], "texture": "#1"},
				"south": {"uv": [10.25, 0.25, 10.75, 0.75], "texture": "#1"},
				"west": {"uv": [10.25, 0.25, 10.75, 0.75], "texture": "#1"},
				"up": {"uv": [10.25, 0.25, 10.75, 0.75], "rotation": 270, "texture": "#1"},
				"down": {"uv": [10.25, 0.25, 10.75, 0.75], "rotation": 90, "texture": "#1"}
			}
		},
		{
			"name": "voxel",
			"from": [12.5, 18, -7.5],
			"to": [13.5, 20, -6.5],
			"rotation": {"angle": -45, "axis": "x", "origin": [13, 13, 4.5]},
			"faces": {
				"north": {"uv": [0.25, 0.25, 0.75, 0.75], "texture": "#1"},
				"east": {"uv": [0.25, 0.25, 0.75, 0.75], "texture": "#1"},
				"south": {"uv": [0.25, 0.25, 0.75, 0.75], "texture": "#1"},
				"west": {"uv": [0.25, 0.25, 0.75, 0.75], "texture": "#1"},
				"up": {"uv": [0.25, 0.25, 0.75, 0.75], "rotation": 270, "texture": "#1"},
				"down": {"uv": [0.25, 0.25, 0.75, 0.75], "rotation": 90, "texture": "#1"}
			}
		},
		{
			"name": "voxel",
			"from": [12.5, 19, -4.5],
			"to": [13.5, 20, -3.5],
			"rotation": {"angle": -45, "axis": "x", "origin": [13, 13, 4.5]},
			"faces": {
				"north": {"uv": [1.25, 0.25, 1.75, 0.75], "texture": "#1"},
				"east": {"uv": [1.25, 0.25, 1.75, 0.75], "texture": "#1"},
				"south": {"uv": [1.25, 0.25, 1.75, 0.75], "texture": "#1"},
				"west": {"uv": [1.25, 0.25, 1.75, 0.75], "texture": "#1"},
				"up": {"uv": [1.25, 0.25, 1.75, 0.75], "rotation": 270, "texture": "#1"},
				"down": {"uv": [1.25, 0.25, 1.75, 0.75], "rotation": 90, "texture": "#1"}
			}
		},
		{
			"name": "voxel",
			"from": [12.5, 19, -5.5],
			"to": [13.5, 20, -4.5],
			"rotation": {"angle": -45, "axis": "x", "origin": [13, 13, 4.5]},
			"faces": {
				"north": {"uv": [10.25, 0.25, 10.75, 0.75], "texture": "#1"},
				"east": {"uv": [10.25, 0.25, 10.75, 0.75], "texture": "#1"},
				"south": {"uv": [10.25, 0.25, 10.75, 0.75], "texture": "#1"},
				"west": {"uv": [10.25, 0.25, 10.75, 0.75], "texture": "#1"},
				"up": {"uv": [10.25, 0.25, 10.75, 0.75], "rotation": 270, "texture": "#1"},
				"down": {"uv": [10.25, 0.25, 10.75, 0.75], "rotation": 90, "texture": "#1"}
			}
		},
		{
			"name": "voxel",
			"from": [12.5, 20, -7.5],
			"to": [13.5, 21, -4.5],
			"rotation": {"angle": -45, "axis": "x", "origin": [13, 13, 4.5]},
			"faces": {
				"north": {"uv": [1.25, 0.25, 1.75, 0.75], "texture": "#1"},
				"east": {"uv": [1.25, 0.25, 1.75, 0.75], "texture": "#1"},
				"south": {"uv": [1.25, 0.25, 1.75, 0.75], "texture": "#1"},
				"west": {"uv": [1.25, 0.25, 1.75, 0.75], "texture": "#1"},
				"up": {"uv": [1.25, 0.25, 1.75, 0.75], "rotation": 270, "texture": "#1"},
				"down": {"uv": [1.25, 0.25, 1.75, 0.75], "rotation": 90, "texture": "#1"}
			}
		}
	],
	"display": {
		"thirdperson_righthand": {
			"rotation": [90, 0, 0],
			"translation": [-5, -2, -1]
		},
		"thirdperson_lefthand": {
			"rotation": [90, 0, 0],
			"translation": [-5, -2, -1]
		},
		"firstperson_righthand": {
			"rotation": [0, 45, 0],
			"translation": [0, 1, 0],
			"scale": [0.4, 0.4, 0.4]
		},
		"firstperson_lefthand": {
			"rotation": [0, 45, 0],
			"translation": [0, 1, 0],
			"scale": [0.4, 0.4, 0.4]
		},
		"ground": {
			"scale": [2, 2, 2]
		},
		"gui": {
			"rotation": [30, 45, 0],
			"scale": [0.65, 0.65, 0.65]
		},
		"head": {
			"translation": [0, -27.2, -0.15],
			"scale": [1.6, 1.6, 1.6]
		},
		"fixed": {
			"scale": [2, 2, 2]
		}
	},
	"groups": [0,
		{
			"name": "sword",
			"children": [1, 2, 3, 4, 5, 6, 7, 8, 9, 10, 11, 12, 13, 14, 15, 16, 17, 18, 19, 20, 21, 22, 23, 24, 25, 26, 27, 28, 29, 30, 31, 32, 33, 34, 35, 36, 37, 38, 39, 40, 41, 42, 43, 44, 45, 46, 47, 48, 49, 50, 51, 52, 53, 54, 55, 56, 57, 58, 59, 60, 61, 62, 63, 64, 65, 66, 67, 68, 69, 70, 71]
		}
	]
}