{
	"credit": "Made By BronGhast014 with Blockbench",
	"textures": {
		"0": "mobs/overgrowth",
		"1": "mobs/tree",
		"particle": "mobs/overgrowth"
	},
	"elements": [
		{
			"name": "arm",
			"from": [-3, -5.5, 7],
			"to": [1, 21.5, 13],
			"faces": {
				"north": {"uv": [0, 0, 1, 7.5], "texture": "#1"},
				"east": {"uv": [0, 0, 1.5, 7.5], "texture": "#1"},
				"south": {"uv": [0, 0, 1, 7.5], "texture": "#1"},
				"west": {"uv": [0, 0, 1.5, 7.5], "texture": "#1"},
				"up": {"uv": [7, 0, 8, 1.5], "texture": "#1"},
				"down": {"uv": [7.5, 5.25, 6.5, 6.75], "texture": "#1"}
			}
		},
		{
			"name": "arm",
			"from": [-3.1, 7.5, 6.9],
			"to": [1.1, 21.6, 13.1],
			"faces": {
				"north": {"uv": [8, 8, 9, 11.5], "texture": "#0"},
				"east": {"uv": [9.5, 8, 11, 11.5], "texture": "#0"},
				"south": {"uv": [11, 8, 12, 11.5], "texture": "#0"},
				"west": {"uv": [8.5, 8, 10, 11.5], "texture": "#0"},
				"up": {"uv": [9.5, 8.25, 10.5, 9.75], "texture": "#0"},
				"down": {"uv": [7.5, 5.25, 6.5, 6.75], "texture": "#1"}
			}
		}
	],
	"display": {
		"thirdperson_lefthand": {
			"rotation": [90, 0, 0],
			"translation": [-5.5, 1.5, 3]
		},
		"head": {
			"translation": [0, -26.5, 0],
			"scale": [1.6, 1.6, 1.6]
		}
	},
	"groups": [
		{
			"name": "l arm",
			"children": [0, 1]
		}
	]
}