{
    "credit": "Made By BronGhast014 with Blockbench", 
    "textures": {
        "main": "mobs/animations/ent"
    }, 
    "elements": [
        {
            "name": "right_leg", 
            "from": [ 2.5, -7.5, 8 ], 
            "to":   [ 6.5, 6.5, 12 ], 
            "rotation": { "angle": -22.5, "axis": "x", "origin": [8, 6, 10] }, 
            "faces": {
                "north": { "uv": [ 4, 0, 4.25, 0.875 ], "texture": "#main" }, 
                "east":  { "uv": [ 5.125, 0, 5.375, 0.875 ], "texture": "#main" }, 
                "south": { "uv": [ 4.3125, 0, 4.5625, 0.875 ], "texture": "#main" }, 
                "west":  { "uv": [ 4.6875, 0, 4.9375, 0.875 ], "texture": "#main" }, 
                "up":    { "uv": [ 4, 0, 4.25, 0.25 ], "texture": "#main" }, 
                "down":  { "uv": [ 7, 0, 6.5, 0.5 ], "texture": "#main" }
            }
        }, 
        {
            "name": "right_leg", 
            "from": [ 9.5, -7.5, 8 ], 
            "to":   [ 13.5, 6.5, 12 ], 
            "rotation": { "angle": 22.5, "axis": "x", "origin": [8, 6, 10] }, 
            "faces": {
                "north": { "uv": [ 4, 0, 4.25, 0.875 ], "texture": "#main" }, 
                "east":  { "uv": [ 5.125, 0, 5.375, 0.875 ], "texture": "#main" }, 
                "south": { "uv": [ 4.3125, 0, 4.5625, 0.875 ], "texture": "#main" }, 
                "west":  { "uv": [ 4.6875, 0, 4.9375, 0.875 ], "texture": "#main" }, 
                "up":    { "uv": [ 4, 0, 4.25, 0.25 ], "texture": "#main" }, 
                "down":  { "uv": [ 7, 0, 6.5, 0.5 ], "texture": "#main" }
            }
        }, 
        {
            "from": [ -4.5, 21, 14 ], 
            "to":   [ 5.5, 31, 14 ], 
            "rotation": { "angle": 22.5, "axis": "z", "origin": [3, 25, 13] }, 
            "faces": {
                "north": { "uv": [ 7, 2, 8, 3 ], "texture": "#main" }, 
                "east":  { "uv": [ 7, 2, 8, 3 ], "texture": "#main" }, 
                "south": { "uv": [ 7, 2, 8, 3 ], "texture": "#main" }, 
                "west":  { "uv": [ 7, 2, 8, 3 ], "texture": "#main" }, 
                "up":    { "uv": [ 7, 2, 8, 3 ], "texture": "#main" }, 
                "down":  { "uv": [ 7, 2, 8, 3 ], "texture": "#main" }
            }
        }, 
        {
            "from": [ 0.5, 21, 9 ], 
            "to":   [ 0.5, 31, 19 ], 
            "rotation": { "angle": 22.5, "axis": "z", "origin": [3, 25, 13] }, 
            "faces": {
                "north": { "uv": [ 7, 2, 8, 3 ], "texture": "#main" }, 
                "east":  { "uv": [ 7, 2, 8, 3 ], "texture": "#main" }, 
                "south": { "uv": [ 7, 2, 8, 3 ], "texture": "#main" }, 
                "west":  { "uv": [ 7, 2, 8, 3 ], "texture": "#main" }, 
                "up":    { "uv": [ 7, 2, 8, 3 ], "texture": "#main" }, 
                "down":  { "uv": [ 7, 2, 8, 3 ], "texture": "#main" }
            }
        }, 
        {
            "name": "body", 
            "from": [ 1, 11.5, 5 ], 
            "to":   [ 15, 21.5, 15 ], 
            "faces": {
                "north": { "uv": [ 4, 0, 4.875, 0.625 ], "texture": "#main" }, 
                "east":  { "uv": [ 4, 0, 4.625, 0.625 ], "texture": "#main" }, 
                "south": { "uv": [ 4, 0, 4.875, 0.625 ], "texture": "#main" }, 
                "west":  { "uv": [ 4, 0, 4.625, 0.625 ], "texture": "#main" }, 
                "up":    { "uv": [ 4, 0, 4.875, 0.625 ], "texture": "#main" }, 
                "down":  { "uv": [ 4.6875, 0.6875, 5.5625, 1.3125 ], "texture": "#main" }
            }
        }, 
        {
            "name": "body", 
            "from": [ 3, 6.5, 7 ], 
            "to":   [ 13, 11.5, 13 ], 
            "faces": {
                "north": { "uv": [ 4.0625, 0.5, 4.8125, 0.8125 ], "texture": "#main" }, 
                "east":  { "uv": [ 4.25, 0.8125, 4.5625, 1.125 ], "texture": "#main" }, 
                "south": { "uv": [ 4.0625, 0.5, 4.8125, 0.8125 ], "texture": "#main" }, 
                "west":  { "uv": [ 4.0625, 0.5, 4.375, 0.8125 ], "texture": "#main" }, 
                "up":    { "uv": [ 4.0625, 0.5, 4.8125, 0.8125 ], "texture": "#main" }, 
                "down":  { "uv": [ 4.0625, 0.5, 4.8125, 0.8125 ], "texture": "#main" }
            }
        }, 
        {
            "name": "leaves", 
            "from": [ 9.98427, 18.00172, 9.01401 ], 
            "to":   [ 17.98427, 26.00172, 17.01401 ], 
            "rotation": { "angle": 22.5, "axis": "z", "origin": [13.98427, 22.00172, 13.01401] }, 
            "faces": {
                "north": { "uv": [ 2, 3, 3, 4 ], "texture": "#main" }, 
                "east":  { "uv": [ 2, 3, 3, 4 ], "texture": "#main" }, 
                "south": { "uv": [ 2, 3, 3, 4 ], "texture": "#main" }, 
                "west":  { "uv": [ 2, 3, 3, 4 ], "texture": "#main" }, 
                "up":    { "uv": [ 2, 3, 3, 4 ], "texture": "#main" }, 
                "down":  { "uv": [ 2, 3, 3, 4 ], "texture": "#main" }
            }
        }, 
        {
            "name": "leaves", 
            "from": [ 7.98427, 13.00172, 9.01401 ], 
            "to":   [ 15.98427, 21.00172, 17.01401 ], 
            "rotation": { "angle": 22.5, "axis": "y", "origin": [13.98427, 22.00172, 13.01401] }, 
            "faces": {
                "north": { "uv": [ 2, 3, 3, 4 ], "texture": "#main" }, 
                "east":  { "uv": [ 2, 3, 3, 4 ], "texture": "#main" }, 
                "south": { "uv": [ 2, 3, 3, 4 ], "texture": "#main" }, 
                "west":  { "uv": [ 2, 3, 3, 4 ], "texture": "#main" }, 
                "up":    { "uv": [ 2, 3, 3, 4 ], "texture": "#main" }, 
                "down":  { "uv": [ 2, 3, 3, 4 ], "texture": "#main" }
            }
        }, 
        {
            "name": "right_leg", 
            "from": [ 2.5, -7.5, 8 ], 
            "to":   [ 6.5, 6.5, 12 ], 
            "faces": {
                "north": { "uv": [ 12, 0, 12.25, 0.875 ], "texture": "#main" }, 
                "east":  { "uv": [ 13.125, 0, 13.375, 0.875 ], "texture": "#main" }, 
                "south": { "uv": [ 12.3125, 0, 12.5625, 0.875 ], "texture": "#main" }, 
                "west":  { "uv": [ 12.6875, 0, 12.9375, 0.875 ], "texture": "#main" }, 
                "up":    { "uv": [ 12, 0, 12.25, 0.25 ], "texture": "#main" }, 
                "down":  { "uv": [ 15, 0, 14.5, 0.5 ], "texture": "#main" }
            }
        }, 
        {
            "name": "right_leg", 
            "from": [ 9.5, -7.5, 8 ], 
            "to":   [ 13.5, 6.5, 12 ], 
            "faces": {
                "north": { "uv": [ 12, 0, 12.25, 0.875 ], "texture": "#main" }, 
                "east":  { "uv": [ 13.125, 0, 13.375, 0.875 ], "texture": "#main" }, 
                "south": { "uv": [ 12.3125, 0, 12.5625, 0.875 ], "texture": "#main" }, 
                "west":  { "uv": [ 12.6875, 0, 12.9375, 0.875 ], "texture": "#main" }, 
                "up":    { "uv": [ 12, 0, 12.25, 0.25 ], "texture": "#main" }, 
                "down":  { "uv": [ 15, 0, 14.5, 0.5 ], "texture": "#main" }
            }
        }, 
        {
            "from": [ -4.5, 21, 14 ], 
            "to":   [ 5.5, 31, 14 ], 
            "rotation": { "angle": 22.5, "axis": "z", "origin": [3, 25, 13] }, 
            "faces": {
                "north": { "uv": [ 15, 2, 16, 3 ], "texture": "#main" }, 
                "east":  { "uv": [ 15, 2, 16, 3 ], "texture": "#main" }, 
                "south": { "uv": [ 15, 2, 16, 3 ], "texture": "#main" }, 
                "west":  { "uv": [ 15, 2, 16, 3 ], "texture": "#main" }, 
                "up":    { "uv": [ 15, 2, 16, 3 ], "texture": "#main" }, 
                "down":  { "uv": [ 15, 2, 16, 3 ], "texture": "#main" }
            }
        }, 
        {
            "from": [ 0.5, 21, 9 ], 
            "to":   [ 0.5, 31, 19 ], 
            "rotation": { "angle": 22.5, "axis": "z", "origin": [3, 25, 13] }, 
            "faces": {
                "north": { "uv": [ 15, 2, 16, 3 ], "texture": "#main" }, 
                "east":  { "uv": [ 15, 2, 16, 3 ], "texture": "#main" }, 
                "south": { "uv": [ 15, 2, 16, 3 ], "texture": "#main" }, 
                "west":  { "uv": [ 15, 2, 16, 3 ], "texture": "#main" }, 
                "up":    { "uv": [ 15, 2, 16, 3 ], "texture": "#main" }, 
                "down":  { "uv": [ 15, 2, 16, 3 ], "texture": "#main" }
            }
        }, 
        {
            "name": "body", 
            "from": [ 1, 11.5, 5 ], 
            "to":   [ 15, 21.5, 15 ], 
            "faces": {
                "north": { "uv": [ 12, 0, 12.875, 0.625 ], "texture": "#main" }, 
                "east":  { "uv": [ 12, 0, 12.625, 0.625 ], "texture": "#main" }, 
                "south": { "uv": [ 12, 0, 12.875, 0.625 ], "texture": "#main" }, 
                "west":  { "uv": [ 12, 0, 12.625, 0.625 ], "texture": "#main" }, 
                "up":    { "uv": [ 12, 0, 12.875, 0.625 ], "texture": "#main" }, 
                "down":  { "uv": [ 12.6875, 0.6875, 13.5625, 1.3125 ], "texture": "#main" }
            }
        }, 
        {
            "name": "body", 
            "from": [ 3, 6.5, 7 ], 
            "to":   [ 13, 11.5, 13 ], 
            "faces": {
                "north": { "uv": [ 12.0625, 0.5, 12.8125, 0.8125 ], "texture": "#main" }, 
                "east":  { "uv": [ 12.25, 0.8125, 12.5625, 1.125 ], "texture": "#main" }, 
                "south": { "uv": [ 12.0625, 0.5, 12.8125, 0.8125 ], "texture": "#main" }, 
                "west":  { "uv": [ 12.0625, 0.5, 12.375, 0.8125 ], "texture": "#main" }, 
                "up":    { "uv": [ 12.0625, 0.5, 12.8125, 0.8125 ], "texture": "#main" }, 
                "down":  { "uv": [ 12.0625, 0.5, 12.8125, 0.8125 ], "texture": "#main" }
            }
        }, 
        {
            "name": "leaves", 
            "from": [ 9.98427, 18.00172, 9.01401 ], 
            "to":   [ 17.98427, 26.00172, 17.01401 ], 
            "rotation": { "angle": 22.5, "axis": "z", "origin": [13.98427, 22.00172, 13.01401] }, 
            "faces": {
                "north": { "uv": [ 10, 3, 11, 4 ], "texture": "#main" }, 
                "east":  { "uv": [ 10, 3, 11, 4 ], "texture": "#main" }, 
                "south": { "uv": [ 10, 3, 11, 4 ], "texture": "#main" }, 
                "west":  { "uv": [ 10, 3, 11, 4 ], "texture": "#main" }, 
                "up":    { "uv": [ 10, 3, 11, 4 ], "texture": "#main" }, 
                "down":  { "uv": [ 10, 3, 11, 4 ], "texture": "#main" }
            }
        }, 
        {
            "name": "leaves", 
            "from": [ 7.98427, 13.00172, 9.01401 ], 
            "to":   [ 15.98427, 21.00172, 17.01401 ], 
            "rotation": { "angle": 22.5, "axis": "y", "origin": [13.98427, 22.00172, 13.01401] }, 
            "faces": {
                "north": { "uv": [ 10, 3, 11, 4 ], "texture": "#main" }, 
                "east":  { "uv": [ 10, 3, 11, 4 ], "texture": "#main" }, 
                "south": { "uv": [ 10, 3, 11, 4 ], "texture": "#main" }, 
                "west":  { "uv": [ 10, 3, 11, 4 ], "texture": "#main" }, 
                "up":    { "uv": [ 10, 3, 11, 4 ], "texture": "#main" }, 
                "down":  { "uv": [ 10, 3, 11, 4 ], "texture": "#main" }
            }
        }, 
        {
            "name": "right_leg", 
            "from": [ 2.5, -7.5, 8 ], 
            "to":   [ 6.5, 6.5, 12 ], 
            "rotation": { "angle": 22.5, "axis": "x", "origin": [8, 6, 10] }, 
            "faces": {
                "north": { "uv": [ 4, 8, 4.25, 8.875 ], "texture": "#main" }, 
                "east":  { "uv": [ 5.125, 8, 5.375, 8.875 ], "texture": "#main" }, 
                "south": { "uv": [ 4.3125, 8, 4.5625, 8.875 ], "texture": "#main" }, 
                "west":  { "uv": [ 4.6875, 8, 4.9375, 8.875 ], "texture": "#main" }, 
                "up":    { "uv": [ 4, 8, 4.25, 8.25 ], "texture": "#main" }, 
                "down":  { "uv": [ 7, 8, 6.5, 8.5 ], "texture": "#main" }
            }
        }, 
        {
            "name": "right_leg", 
            "from": [ 9.5, -7.5, 8 ], 
            "to":   [ 13.5, 6.5, 12 ], 
            "rotation": { "angle": -22.5, "axis": "x", "origin": [8, 6, 10] }, 
            "faces": {
                "north": { "uv": [ 4, 8, 4.25, 8.875 ], "texture": "#main" }, 
                "east":  { "uv": [ 5.125, 8, 5.375, 8.875 ], "texture": "#main" }, 
                "south": { "uv": [ 4.3125, 8, 4.5625, 8.875 ], "texture": "#main" }, 
                "west":  { "uv": [ 4.6875, 8, 4.9375, 8.875 ], "texture": "#main" }, 
                "up":    { "uv": [ 4, 8, 4.25, 8.25 ], "texture": "#main" }, 
                "down":  { "uv": [ 7, 8, 6.5, 8.5 ], "texture": "#main" }
            }
        }, 
        {
            "from": [ -4.5, 21, 14 ], 
            "to":   [ 5.5, 31, 14 ], 
            "rotation": { "angle": 22.5, "axis": "z", "origin": [3, 25, 13] }, 
            "faces": {
                "north": { "uv": [ 7, 10, 8, 11 ], "texture": "#main" }, 
                "east":  { "uv": [ 7, 10, 8, 11 ], "texture": "#main" }, 
                "south": { "uv": [ 7, 10, 8, 11 ], "texture": "#main" }, 
                "west":  { "uv": [ 7, 10, 8, 11 ], "texture": "#main" }, 
                "up":    { "uv": [ 7, 10, 8, 11 ], "texture": "#main" }, 
                "down":  { "uv": [ 7, 10, 8, 11 ], "texture": "#main" }
            }
        }, 
        {
            "from": [ 0.5, 21, 9 ], 
            "to":   [ 0.5, 31, 19 ], 
            "rotation": { "angle": 22.5, "axis": "z", "origin": [3, 25, 13] }, 
            "faces": {
                "north": { "uv": [ 7, 10, 8, 11 ], "texture": "#main" }, 
                "east":  { "uv": [ 7, 10, 8, 11 ], "texture": "#main" }, 
                "south": { "uv": [ 7, 10, 8, 11 ], "texture": "#main" }, 
                "west":  { "uv": [ 7, 10, 8, 11 ], "texture": "#main" }, 
                "up":    { "uv": [ 7, 10, 8, 11 ], "texture": "#main" }, 
                "down":  { "uv": [ 7, 10, 8, 11 ], "texture": "#main" }
            }
        }, 
        {
            "name": "body", 
            "from": [ 1, 11.5, 5 ], 
            "to":   [ 15, 21.5, 15 ], 
            "faces": {
                "north": { "uv": [ 4, 8, 4.875, 8.625 ], "texture": "#main" }, 
                "east":  { "uv": [ 4, 8, 4.625, 8.625 ], "texture": "#main" }, 
                "south": { "uv": [ 4, 8, 4.875, 8.625 ], "texture": "#main" }, 
                "west":  { "uv": [ 4, 8, 4.625, 8.625 ], "texture": "#main" }, 
                "up":    { "uv": [ 4, 8, 4.875, 8.625 ], "texture": "#main" }, 
                "down":  { "uv": [ 4.6875, 8.6875, 5.5625, 9.3125 ], "texture": "#main" }
            }
        }, 
        {
            "name": "body", 
            "from": [ 3, 6.5, 7 ], 
            "to":   [ 13, 11.5, 13 ], 
            "faces": {
                "north": { "uv": [ 4.0625, 8.5, 4.8125, 8.8125 ], "texture": "#main" }, 
                "east":  { "uv": [ 4.25, 8.8125, 4.5625, 9.125 ], "texture": "#main" }, 
                "south": { "uv": [ 4.0625, 8.5, 4.8125, 8.8125 ], "texture": "#main" }, 
                "west":  { "uv": [ 4.0625, 8.5, 4.375, 8.8125 ], "texture": "#main" }, 
                "up":    { "uv": [ 4.0625, 8.5, 4.8125, 8.8125 ], "texture": "#main" }, 
                "down":  { "uv": [ 4.0625, 8.5, 4.8125, 8.8125 ], "texture": "#main" }
            }
        }, 
        {
            "name": "leaves", 
            "from": [ 9.98427, 18.00172, 9.01401 ], 
            "to":   [ 17.98427, 26.00172, 17.01401 ], 
            "rotation": { "angle": 22.5, "axis": "z", "origin": [13.98427, 22.00172, 13.01401] }, 
            "faces": {
                "north": { "uv": [ 2, 11, 3, 12 ], "texture": "#main" }, 
                "east":  { "uv": [ 2, 11, 3, 12 ], "texture": "#main" }, 
                "south": { "uv": [ 2, 11, 3, 12 ], "texture": "#main" }, 
                "west":  { "uv": [ 2, 11, 3, 12 ], "texture": "#main" }, 
                "up":    { "uv": [ 2, 11, 3, 12 ], "texture": "#main" }, 
                "down":  { "uv": [ 2, 11, 3, 12 ], "texture": "#main" }
            }
        }, 
        {
            "name": "leaves", 
            "from": [ 7.98427, 13.00172, 9.01401 ], 
            "to":   [ 15.98427, 21.00172, 17.01401 ], 
            "rotation": { "angle": 22.5, "axis": "y", "origin": [13.98427, 22.00172, 13.01401] }, 
            "faces": {
                "north": { "uv": [ 2, 11, 3, 12 ], "texture": "#main" }, 
                "east":  { "uv": [ 2, 11, 3, 12 ], "texture": "#main" }, 
                "south": { "uv": [ 2, 11, 3, 12 ], "texture": "#main" }, 
                "west":  { "uv": [ 2, 11, 3, 12 ], "texture": "#main" }, 
                "up":    { "uv": [ 2, 11, 3, 12 ], "texture": "#main" }, 
                "down":  { "uv": [ 2, 11, 3, 12 ], "texture": "#main" }
            }
        }
    ], 
    "display": {
        "head": {
            "translation": [ 0, -55.5, 0 ], 
            "scale": [ 1.6, 1.6, 1.6 ]
        }
    }, 
    "groups": [
        {
            "name": "body", 
            "children": [
                {
                    "name": "leftLeg", 
                    "children": [
                        0
                    ]
                }, 
                {
                    "name": "rightLeg", 
                    "children": [
                        1
                    ]
                }, 
                2, 
                3, 
                4, 
                5, 
                6, 
                7
            ]
        }
    ], 
    "__comment": "Model animated using Fizzy's model animator - http://fizzy81.github.io/animated-models/"
}