{
	"credit": "Made By BronGhast014 with Blockbench",
	"textures": {
		"0": "mobs/miskull",
		"2_0": "mobs/swamp_zombie"
	},
	"elements": [
		{
			"name": "L Leg",
			"from": [5, -2.9, 7],
			"to": [7, 3, 9],
			"faces": {
				"north": {"uv": [1, 12, 2, 15], "texture": "#0"},
				"east": {"uv": [2, 12, 3, 15], "texture": "#0"},
				"south": {"uv": [3, 12, 4, 15], "texture": "#0"},
				"west": {"uv": [0, 12, 1, 15], "texture": "#0"},
				"up": {"uv": [1, 8, 2, 9], "texture": "#0"},
				"down": {"uv": [5, 8, 6, 9], "texture": "#0"}
			}
		},
		{
			"name": "L Leg",
			"from": [5, 3, 7],
			"to": [7, 9, 9],
			"faces": {
				"north": {"uv": [1, 9, 2, 12], "texture": "#0"},
				"east": {"uv": [2, 9, 3, 12], "texture": "#0"},
				"south": {"uv": [3, 9, 4, 12], "texture": "#0"},
				"west": {"uv": [0, 9, 1, 12], "texture": "#0"},
				"up": {"uv": [2, 8, 3, 9], "texture": "#0"},
				"down": {"uv": [1, 8, 2, 9], "texture": "#0"}
			}
		},
		{
			"name": "L Leg",
			"from": [4, -3, 6],
			"to": [8, 9, 10],
			"faces": {
				"north": {"uv": [1, 5, 2, 8], "texture": "#2_0"},
				"east": {"uv": [3, 5, 4, 8], "texture": "#2_0"},
				"south": {"uv": [0, 5, 1, 8], "texture": "#2_0"},
				"west": {"uv": [2, 5, 3, 8], "texture": "#2_0"},
				"up": {"uv": [1, 4, 2, 5], "rotation": 180, "texture": "#2_0"},
				"down": {"uv": [2, 4, 3, 5], "rotation": 180, "texture": "#2_0"}
			}
		},
		{
			"name": "R Leg",
			"from": [9, -2.9, 7],
			"to": [11, 3, 9],
			"faces": {
				"north": {"uv": [3, 12, 4, 15], "texture": "#0"},
				"east": {"uv": [1, 12, 2, 15], "texture": "#0"},
				"south": {"uv": [0, 12, 1, 15], "texture": "#0"},
				"west": {"uv": [2, 12, 3, 15], "texture": "#0"},
				"up": {"uv": [6, 8, 7, 9], "texture": "#0"},
				"down": {"uv": [6, 8, 7, 9], "texture": "#0"}
			}
		},
		{
			"name": "R Leg",
			"from": [9, 3, 7],
			"to": [11, 9, 9],
			"faces": {
				"north": {"uv": [3, 9, 4, 12], "texture": "#0"},
				"east": {"uv": [0, 9, 1, 12], "texture": "#0"},
				"south": {"uv": [1, 9, 2, 12], "texture": "#0"},
				"west": {"uv": [2, 9, 3, 12], "texture": "#0"},
				"up": {"uv": [2, 8, 3, 9], "texture": "#0"},
				"down": {"uv": [7, 12, 8, 15], "texture": "#0"}
			}
		},
		{
			"name": "R Leg",
			"from": [8, -3, 6],
			"to": [12, 9, 10],
			"faces": {
				"north": {"uv": [2, 9, 1, 12], "texture": "#2_0"},
				"east": {"uv": [3, 9, 2, 12], "texture": "#2_0"},
				"south": {"uv": [1, 9, 0, 12], "texture": "#2_0"},
				"west": {"uv": [3, 9, 4, 12], "texture": "#2_0"},
				"up": {"uv": [1, 8, 2, 9], "rotation": 180, "texture": "#2_0"},
				"down": {"uv": [2, 8, 3, 9], "rotation": 180, "texture": "#2_0"}
			}
		},
		{
			"name": "Body",
			"from": [4, 9, 6],
			"to": [12, 21, 10],
			"faces": {
				"north": {"uv": [10, 10, 14, 16], "texture": "#0"},
				"east": {"uv": [14, 10, 16, 16], "texture": "#0"},
				"south": {"uv": [12, 2, 16, 8], "texture": "#0"},
				"west": {"uv": [8, 10, 10, 16], "texture": "#0"},
				"up": {"uv": [11.25, 8.75, 13.25, 9.75], "rotation": 180, "texture": "#0"},
				"down": {"uv": [12, 0, 16, 2], "rotation": 180, "texture": "#0"}
			}
		},
		{
			"name": "Body",
			"from": [4, 9, 6],
			"to": [12, 21, 10],
			"faces": {
				"north": {"uv": [5, 5, 7, 8], "texture": "#2_0"},
				"east": {"uv": [4, 5, 5, 8], "texture": "#2_0"},
				"south": {"uv": [8, 5, 10, 8], "texture": "#2_0"},
				"west": {"uv": [7, 5, 8, 8], "texture": "#2_0"},
				"up": {"uv": [5, 4, 7, 5], "rotation": 180, "texture": "#2_0"},
				"down": {"uv": [7, 4, 9, 5], "rotation": 180, "texture": "#2_0"}
			}
		}
	],
	"display": {
		"thirdperson_righthand": {
			"rotation": [75, 45, 0],
			"translation": [0, 2.5, 0],
			"scale": [0.375, 0.375, 0.375]
		},
		"thirdperson_lefthand": {
			"rotation": [75, 45, 0],
			"translation": [0, 2.5, 0],
			"scale": [0.375, 0.375, 0.375]
		},
		"firstperson_righthand": {
			"rotation": [0, 111, 0],
			"scale": [0.4, 0.4, 0.4]
		},
		"firstperson_lefthand": {
			"rotation": [0, 132, 0],
			"scale": [0.4, 0.4, 0.4]
		},
		"ground": {
			"translation": [0, 3, 0],
			"scale": [0.25, 0.25, 0.25]
		},
		"gui": {
			"rotation": [30, 225, 0],
			"translation": [0, -2, 0],
			"scale": [0.5, 0.5, 0.5]
		},
		"head": {
			"translation": [0, -63.5, 0],
			"scale": [1.6, 1.6, 1.6]
		},
		"fixed": {
			"scale": [0.5, 0.5, 0.5]
		}
	},
	"groups": [
		{
			"name": "body",
			"children": [
				{
					"name": "LL",
					"children": [0, 1, 2]
				},
				{
					"name": "RL",
					"children": [3, 4, 5]
				}, 6, 7]
		}
	]
}