{
	"credit": "Made By BronGhast014 with Blockbench",
	"textures": {
		"0": "mobs/miskull_hurt",
		"2_0": "mobs/swamp_zombie_hurt"
	},
	"elements": [
		{
			"name": "R Arm",
			"from": [0, 9, 6],
			"to": [4, 21, 10],
			"faces": {
				"north": {"uv": [13, 9, 14, 12], "texture": "#2_0"},
				"east": {"uv": [12, 9, 13, 12], "texture": "#2_0"},
				"south": {"uv": [11, 9, 12, 12], "texture": "#2_0"},
				"west": {"uv": [10, 9, 11, 12], "texture": "#2_0"},
				"up": {"uv": [11, 8, 12, 9], "rotation": 180, "texture": "#2_0"},
				"down": {"uv": [13, 8, 12, 9], "rotation": 180, "texture": "#2_0"}
			}
		},
		{
			"name": "R Arm",
			"from": [1, 9.1, 7],
			"to": [3, 20.9, 9],
			"faces": {
				"north": {"uv": [4.5, 9, 5.5, 15], "texture": "#0"},
				"east": {"uv": [5, 9, 6, 15], "texture": "#0"},
				"south": {"uv": [6, 9, 7, 15], "texture": "#0"},
				"west": {"uv": [5, 9, 6, 15], "texture": "#0"},
				"up": {"uv": [5, 8, 6, 9], "texture": "#0"},
				"down": {"uv": [1, 8, 2, 9], "texture": "#0"}
			}
		}
	],
	"display": {
		"thirdperson_righthand": {
			"rotation": [90, 0, 0],
			"translation": [-6, -2, -1]
		},
		"thirdperson_lefthand": {
			"rotation": [90, 0, 0],
			"translation": [-6, -2, -1]
		},
		"firstperson_righthand": {
			"rotation": [0, 111, 0],
			"scale": [0.4, 0.4, 0.4]
		},
		"firstperson_lefthand": {
			"rotation": [0, 132, 0],
			"scale": [0.4, 0.4, 0.4]
		},
		"ground": {
			"translation": [0, 3, 0],
			"scale": [0.25, 0.25, 0.25]
		},
		"gui": {
			"rotation": [30, 225, 0],
			"translation": [0, -2, 0],
			"scale": [0.5, 0.5, 0.5]
		},
		"head": {
			"translation": [0, -27.25, 0],
			"scale": [1.6, 1.6, 1.6]
		},
		"fixed": {
			"scale": [0.5, 0.5, 0.5]
		}
	},
	"groups": [
		{
			"name": "r arm",
			"children": [0, 1]
		}
	]
}