{
	"credit": "Made By BronGhast014 with Blockbench",
	"textures": {
		"0": "mobs/miskull_hurt",
		"2_0": "mobs/swamp_zombie_hurt"
	},
	"elements": [
		{
			"name": "L Arm",
			"from": [12, 9, 6],
			"to": [16, 21, 10],
			"faces": {
				"north": {"uv": [11, 5, 12, 8], "texture": "#2_0"},
				"east": {"uv": [10, 5, 11, 8], "texture": "#2_0"},
				"south": {"uv": [13, 5, 14, 8], "texture": "#2_0"},
				"west": {"uv": [12, 5, 13, 8], "texture": "#2_0"},
				"up": {"uv": [11, 4, 12, 5], "rotation": 180, "texture": "#2_0"},
				"down": {"uv": [12, 4, 13, 5], "rotation": 180, "texture": "#2_0"}
			}
		},
		{
			"name": "L Arm",
			"from": [13, 9.1, 7],
			"to": [15, 20.9, 9],
			"faces": {
				"north": {"uv": [4.5, 9, 5.5, 15], "texture": "#0"},
				"east": {"uv": [5.5, 9, 6.5, 15], "texture": "#0"},
				"south": {"uv": [5.5, 9, 6.5, 15], "texture": "#0"},
				"west": {"uv": [5.5, 9, 6.5, 15], "texture": "#0"},
				"up": {"uv": [6, 8, 7, 9], "texture": "#0"},
				"down": {"uv": [1, 8, 2, 9], "texture": "#0"}
			}
		}
	],
	"display": {
		"thirdperson_righthand": {
			"rotation": [90, 0, 0],
			"translation": [-6, -2, -1]
		},
		"thirdperson_lefthand": {
			"rotation": [75, 45, 0],
			"translation": [0, 2.5, 0],
			"scale": [0.375, 0.375, 0.375]
		},
		"firstperson_righthand": {
			"rotation": [0, 111, 0],
			"scale": [0.4, 0.4, 0.4]
		},
		"firstperson_lefthand": {
			"rotation": [0, 132, 0],
			"scale": [0.4, 0.4, 0.4]
		},
		"ground": {
			"translation": [0, 3, 0],
			"scale": [0.25, 0.25, 0.25]
		},
		"gui": {
			"rotation": [30, 225, 0],
			"translation": [0, -2, 0],
			"scale": [0.5, 0.5, 0.5]
		},
		"head": {
			"translation": [0, -27.25, 0],
			"scale": [1.6, 1.6, 1.6]
		},
		"fixed": {
			"scale": [0.5, 0.5, 0.5]
		}
	},
	"groups": [
		{
			"name": "l arm",
			"children": [0, 1]
		}
	]
}