{
	"credit": "Made By BronGhast014 with Blockbench",
	"textures": {
		"1": "mobs/worlock_illager"
	},
	"elements": [
		{
			"name": "body",
			"from": [4, 4, 4.5],
			"to": [12, 16, 11.5],
			"faces": {
				"north": {"uv": [5.5, 6.5, 7.5, 9.5], "texture": "#1"},
				"east": {"uv": [4, 6.5, 5.5, 9.5], "texture": "#1"},
				"south": {"uv": [9, 6.5, 11, 9.5], "texture": "#1"},
				"west": {"uv": [7.5, 6.5, 9.25, 9.5], "texture": "#1"},
				"up": {"uv": [5.5, 5, 7.5, 6.5], "texture": "#1"},
				"down": {"uv": [7.5, 5, 9.5, 6.5], "texture": "#1"}
			}
		},
		{
			"name": "body",
			"from": [3.9, -1.1, 4.4],
			"to": [12.1, 16.1, 11.6],
			"faces": {
				"north": {"uv": [1.5, 11, 3.5, 15.5], "texture": "#1"},
				"east": {"uv": [0, 11, 1.5, 15.5], "texture": "#1"},
				"south": {"uv": [5, 11, 7, 15.5], "texture": "#1"},
				"west": {"uv": [3.5, 11, 5.25, 15.5], "texture": "#1"},
				"up": {"uv": [1.5, 9.5, 3.5, 11], "texture": "#1"},
				"down": {"uv": [7.25, 11, 9.25, 12.5], "texture": "#1"}
			}
		},
		{
			"name": "leg",
			"from": [8, -8, 6],
			"to": [12, 4, 10],
			"faces": {
				"north": {"uv": [1, 6.5, 2, 9.5], "texture": "#1"},
				"east": {"uv": [0, 6.5, 1, 9.5], "texture": "#1"},
				"south": {"uv": [3, 6.5, 4, 9.5], "texture": "#1"},
				"west": {"uv": [2, 6.5, 3, 9.5], "texture": "#1"},
				"up": {"uv": [0, 6.5, 1, 9.5], "texture": "#1"},
				"down": {"uv": [2, 5.5, 3, 6.5], "texture": "#1"}
			}
		},
		{
			"name": "leg",
			"from": [4, -8, 6],
			"to": [8, 4, 10],
			"faces": {
				"north": {"uv": [1, 6.5, 2, 9.5], "texture": "#1"},
				"east": {"uv": [0, 6.5, 1, 9.5], "texture": "#1"},
				"south": {"uv": [3, 6.5, 4, 9.5], "texture": "#1"},
				"west": {"uv": [2, 6.5, 3, 9.5], "texture": "#1"},
				"up": {"uv": [0, 6.5, 1, 9.5], "texture": "#1"},
				"down": {"uv": [2, 5.5, 3, 6.5], "texture": "#1"}
			}
		},
		{
			"name": "robe",
			"from": [3.5, -3.1, 4.3],
			"to": [12.5, 16.1, 11.7],
			"faces": {
				"north": {"uv": [1.5, 11, 3.5, 16], "texture": "#1"},
				"east": {"uv": [0, 11, 1.5, 16], "texture": "#1"},
				"south": {"uv": [5, 11, 7, 16], "texture": "#1"},
				"west": {"uv": [3.5, 11, 5.25, 16], "texture": "#1"},
				"up": {"uv": [1.5, 9.5, 3.5, 11], "texture": "#1"},
				"down": {"uv": [7.25, 11, 9.25, 12.5], "texture": "#1"}
			}
		},
		{
			"name": "sholder cap",
			"from": [-0.15, 11.75, 5.8],
			"to": [2.85, 14.75, 10.1],
			"rotation": {"angle": 22.5, "axis": "z", "origin": [4, 14, 8]},
			"faces": {
				"north": {"uv": [12, 3, 12.75, 3.75], "texture": "#1"},
				"east": {"uv": [11.75, 2.75, 12.5, 3.5], "texture": "#1"},
				"south": {"uv": [11.75, 3.5, 12.5, 2.75], "texture": "#1"},
				"west": {"uv": [12.75, 3.5, 11.75, 2.75], "texture": "#1"},
				"up": {"uv": [11.75, 2.75, 12.5, 3.5], "texture": "#1"},
				"down": {"uv": [11.75, 2.75, 12.5, 3.75], "texture": "#1"}
			}
		},
		{
			"name": "leg",
			"from": [0, 12, 6],
			"to": [4, 24, 10],
			"rotation": {"angle": 22.5, "axis": "z", "origin": [4, 14, 8]},
			"faces": {
				"north": {"uv": [14, 6.5, 15, 9.5], "rotation": 180, "texture": "#1"},
				"east": {"uv": [11, 6.5, 12, 9.5], "rotation": 180, "texture": "#1"},
				"south": {"uv": [12, 6.5, 13, 9.5], "rotation": 180, "texture": "#1"},
				"west": {"uv": [13, 6.5, 14, 9.5], "rotation": 180, "texture": "#1"},
				"up": {"uv": [11, 5.5, 12, 6.5], "texture": "#1"},
				"down": {"uv": [12, 5.5, 13, 6.5], "texture": "#1"}
			}
		},
		{
			"name": "sleeve",
			"from": [-0.1, 20.5, 5.9],
			"to": [4.1, 21.5, 10.1],
			"rotation": {"angle": 22.5, "axis": "z", "origin": [4, 14, 8]},
			"faces": {
				"north": {"uv": [13.5, 9.5, 13.75, 10.5], "rotation": 90, "texture": "#1"},
				"east": {"uv": [13.5, 9.5, 13.75, 10.5], "rotation": 90, "texture": "#1"},
				"south": {"uv": [13.5, 9.5, 13.75, 10.5], "rotation": 90, "texture": "#1"},
				"west": {"uv": [13.5, 9.5, 13.75, 10.5], "rotation": 270, "texture": "#1"},
				"up": {"uv": [13.5, 9.5, 13.75, 10.5], "rotation": 270, "texture": "#1"},
				"down": {"uv": [13.5, 9.5, 13.75, 10.5], "rotation": 270, "texture": "#1"}
			}
		},
		{
			"name": "sholder cap",
			"from": [13.15, 11.75, 5.8],
			"to": [16.15, 14.75, 10.1],
			"rotation": {"angle": -22.5, "axis": "z", "origin": [12, 14, 8]},
			"faces": {
				"north": {"uv": [12, 3, 12.75, 3.75], "texture": "#1"},
				"east": {"uv": [11.75, 3.5, 12.5, 2.75], "texture": "#1"},
				"south": {"uv": [12.5, 3.5, 11.75, 2.75], "texture": "#1"},
				"west": {"uv": [12.75, 3.5, 11.75, 2.75], "texture": "#1"},
				"up": {"uv": [11.75, 2.75, 12.5, 3.5], "texture": "#1"},
				"down": {"uv": [12.5, 2.75, 11.75, 3.75], "texture": "#1"}
			}
		},
		{
			"name": "leg",
			"from": [12, 12, 6],
			"to": [16, 24, 10],
			"rotation": {"angle": -22.5, "axis": "z", "origin": [12, 14, 8]},
			"faces": {
				"north": {"uv": [15, 6.5, 14, 9.5], "rotation": 180, "texture": "#1"},
				"east": {"uv": [11, 6.5, 12, 9.5], "rotation": 180, "texture": "#1"},
				"south": {"uv": [13, 6.5, 12, 9.5], "rotation": 180, "texture": "#1"},
				"west": {"uv": [13, 6.5, 14, 9.5], "rotation": 180, "texture": "#1"},
				"up": {"uv": [11, 5.5, 12, 6.5], "texture": "#1"},
				"down": {"uv": [12, 5.5, 13, 6.5], "texture": "#1"}
			}
		},
		{
			"name": "sleeve",
			"from": [11.9, 20.5, 5.9],
			"to": [16.1, 21.5, 10.1],
			"rotation": {"angle": -22.5, "axis": "z", "origin": [12, 14, 8]},
			"faces": {
				"north": {"uv": [13.5, 9.5, 13.75, 10.5], "rotation": 90, "texture": "#1"},
				"east": {"uv": [13.5, 9.5, 13.75, 10.5], "rotation": 90, "texture": "#1"},
				"south": {"uv": [13.5, 9.5, 13.75, 10.5], "rotation": 90, "texture": "#1"},
				"west": {"uv": [13.5, 9.5, 13.75, 10.5], "rotation": 270, "texture": "#1"},
				"up": {"uv": [13.5, 9.5, 13.75, 10.5], "rotation": 270, "texture": "#1"},
				"down": {"uv": [13.5, 9.5, 13.75, 10.5], "rotation": 270, "texture": "#1"}
			}
		}
	],
	"display": {
		"head": {
			"translation": [0, -19.25, 0],
			"scale": [1.6, 1.6, 1.6]
		}
	},
	"groups": [0, 1, 2, 3, 4,
		{
			"name": "arms",
			"children": [
				{
					"name": "left",
					"children": [5, 6, 7]
				},
				{
					"name": "r arm",
					"children": [8, 9, 10]
				}
			]
		}
	]
}