{
	"credit": "Made By BronGhast014 with Blockbench",
	"textures": {
		"main": "mobs/mudman",
		"overlay": "mobs/overgrowth",
		"particle": "mobs/mudman"
	},
	"elements": [
		{
			"name": "head",
			"from": [4, 18, 4],
			"to": [12, 26, 12],
			"faces": {
				"north": {"uv": [2, 2, 4, 4], "texture": "#main"},
				"east": {"uv": [0, 2, 2, 4], "texture": "#main"},
				"south": {"uv": [6, 2, 8, 4], "texture": "#main"},
				"west": {"uv": [4, 2, 6, 4], "texture": "#main"},
				"up": {"uv": [4, 2, 2, 0], "texture": "#main"},
				"down": {"uv": [6, 0, 4, 2], "texture": "#main"}
			}
		},
		{
			"from": [3, 26, 9.25],
			"to": [7, 32, 9.25],
			"faces": {
				"north": {"uv": [0, 13, 2, 16], "texture": "#overlay"},
				"east": {"uv": [0, 12, 2, 16], "texture": "#overlay"},
				"south": {"uv": [2, 13, 0, 16], "texture": "#overlay"},
				"west": {"uv": [0, 12, 2, 16], "texture": "#overlay"},
				"up": {"uv": [0, 12, 2, 16], "texture": "#overlay"},
				"down": {"uv": [0, 12, 2, 16], "texture": "#overlay"}
			}
		},
		{
			"from": [5, 26, 7.25],
			"to": [5, 32, 11.25],
			"faces": {
				"north": {"uv": [0, 12, 2, 16], "texture": "#overlay"},
				"east": {"uv": [2, 13, 0, 16], "texture": "#overlay"},
				"south": {"uv": [0, 12, 2, 16], "texture": "#overlay"},
				"west": {"uv": [0, 13, 2, 16], "texture": "#overlay"},
				"up": {"uv": [0, 12, 2, 16], "rotation": 270, "texture": "#overlay"},
				"down": {"uv": [0, 12, 2, 16], "rotation": 90, "texture": "#overlay"}
			}
		},
		{
			"from": [10, 24, 4],
			"to": [10, 28, 8],
			"faces": {
				"north": {"uv": [5.25, 12.75, 6.75, 14.25], "texture": "#overlay"},
				"east": {"uv": [5.25, 12.75, 6.75, 14.25], "texture": "#overlay"},
				"south": {"uv": [5.25, 12.75, 6.75, 14.25], "texture": "#overlay"},
				"west": {"uv": [5.25, 12.75, 6.75, 14.25], "texture": "#overlay"},
				"up": {"uv": [5.25, 12.75, 6.75, 14.25], "texture": "#overlay"},
				"down": {"uv": [5.25, 12.75, 6.75, 14.25], "texture": "#overlay"}
			}
		},
		{
			"from": [8, 25, 6],
			"to": [12, 29, 6],
			"faces": {
				"north": {"uv": [5.25, 12.75, 6.75, 14.25], "texture": "#overlay"},
				"east": {"uv": [5.25, 12.75, 6.75, 14.25], "texture": "#overlay"},
				"south": {"uv": [5.25, 12.75, 6.75, 14.25], "texture": "#overlay"},
				"west": {"uv": [5.25, 12.75, 6.75, 14.25], "texture": "#overlay"},
				"up": {"uv": [5.25, 12.75, 6.75, 14.25], "texture": "#overlay"},
				"down": {"uv": [5.25, 12.75, 6.75, 14.25], "texture": "#overlay"}
			}
		},
		{
			"name": "body",
			"from": [4, 6, 6],
			"to": [12, 18, 10],
			"faces": {
				"north": {"uv": [5, 5, 7, 7.98], "texture": "#main"},
				"east": {"uv": [4, 5, 5, 8], "texture": "#main"},
				"south": {"uv": [8, 5, 10, 8], "texture": "#main"},
				"west": {"uv": [7, 5, 8, 7.98], "texture": "#main"},
				"up": {"uv": [7, 5, 5, 4], "texture": "#main"},
				"down": {"uv": [9, 4, 7, 5], "texture": "#main"}
			}
		},
		{
			"name": "body",
			"from": [4, 6, 6],
			"to": [12, 18, 10],
			"faces": {
				"north": {"uv": [5, 13, 7, 15.98], "texture": "#main"},
				"east": {"uv": [4, 13, 5, 16], "texture": "#main"},
				"south": {"uv": [8, 13, 10, 16], "texture": "#main"},
				"west": {"uv": [7, 13, 8, 15.98], "texture": "#main"},
				"up": {"uv": [7, 13, 5, 12], "texture": "#main"},
				"down": {"uv": [9, 12, 7, 13], "texture": "#main"}
			}
		},
		{
			"from": [10, -5, 8],
			"to": [14, -1, 8],
			"faces": {
				"north": {"uv": [5.25, 12.75, 6.75, 14.25], "texture": "#overlay"},
				"east": {"uv": [5.25, 12.75, 6.75, 14.25], "texture": "#overlay"},
				"south": {"uv": [6.75, 12.75, 5.25, 14.25], "texture": "#overlay"},
				"west": {"uv": [5.25, 12.75, 6.75, 14.25], "texture": "#overlay"},
				"up": {"uv": [5.25, 12.75, 6.75, 14.25], "rotation": 270, "texture": "#overlay"},
				"down": {"uv": [5.25, 12.75, 6.75, 14.25], "rotation": 90, "texture": "#overlay"}
			}
		},
		{
			"from": [11, -6, 4],
			"to": [11, -2, 8],
			"faces": {
				"north": {"uv": [5.25, 12.75, 6.75, 14.25], "texture": "#overlay"},
				"east": {"uv": [5.25, 12.75, 6.75, 14.25], "texture": "#overlay"},
				"south": {"uv": [5.25, 12.75, 6.75, 14.25], "texture": "#overlay"},
				"west": {"uv": [6.75, 12.75, 5.25, 14.25], "texture": "#overlay"},
				"up": {"uv": [5.25, 12.75, 6.75, 14.25], "rotation": 180, "texture": "#overlay"},
				"down": {"uv": [5.25, 12.75, 6.75, 14.25], "rotation": 180, "texture": "#overlay"}
			}
		},
		{
			"name": "right_leg",
			"from": [8, -6, 6],
			"to": [12, 6, 10],
			"faces": {
				"north": {"uv": [1, 13, 2, 16], "texture": "#main"},
				"east": {"uv": [0, 13, 1, 16], "texture": "#main"},
				"south": {"uv": [3, 13, 4, 16], "texture": "#main"},
				"west": {"uv": [2, 13, 3, 16], "texture": "#main"},
				"up": {"uv": [2.25, 13, 1.25, 12], "texture": "#main"},
				"down": {"uv": [3, 12, 2, 13], "texture": "#main"}
			}
		},
		{
			"name": "right_leg",
			"from": [4, -6, 6],
			"to": [8, 6, 10],
			"faces": {
				"north": {"uv": [1, 13, 2, 16], "texture": "#main"},
				"east": {"uv": [0, 13, 1, 16], "texture": "#main"},
				"south": {"uv": [3, 13, 4, 16], "texture": "#main"},
				"west": {"uv": [2, 13, 3, 16], "texture": "#main"},
				"up": {"uv": [2.25, 13, 1.25, 12], "texture": "#main"},
				"down": {"uv": [3, 12, 2, 13], "texture": "#main"}
			}
		},
		{
			"name": "right_leg",
			"from": [8, -6, 6],
			"to": [12, 6, 10],
			"faces": {
				"north": {"uv": [1, 5, 2, 8], "texture": "#main"},
				"east": {"uv": [0, 5, 1, 8], "texture": "#main"},
				"south": {"uv": [3, 5, 4, 8], "texture": "#main"},
				"west": {"uv": [2, 5, 3, 8], "texture": "#main"},
				"up": {"uv": [2, 5, 1, 4], "texture": "#main"},
				"down": {"uv": [3, 4, 2, 5], "texture": "#main"}
			}
		},
		{
			"name": "left_leg",
			"from": [4, -6, 6],
			"to": [8, 6, 10],
			"faces": {
				"north": {"uv": [0, 5, 1, 8], "texture": "#main"},
				"east": {"uv": [3, 5, 4, 8], "texture": "#main"},
				"south": {"uv": [1, 5, 2, 8], "texture": "#main"},
				"west": {"uv": [2, 5, 3, 8], "texture": "#main"},
				"up": {"uv": [2, 5, 1, 4], "texture": "#main"},
				"down": {"uv": [3, 4, 2, 5], "texture": "#main"}
			}
		},
		{
			"name": "right_arm",
			"from": [12, 6, 6],
			"to": [16, 18, 10],
			"rotation": {"angle": 45, "axis": "x", "origin": [8, 16, 8]},
			"faces": {
				"north": {"uv": [11, 5, 12, 8], "texture": "#main"},
				"east": {"uv": [10, 5, 11, 8], "texture": "#main"},
				"south": {"uv": [13, 5, 14, 8], "texture": "#main"},
				"west": {"uv": [12, 5, 13, 8], "texture": "#main"},
				"up": {"uv": [12, 5, 11, 4], "texture": "#main"},
				"down": {"uv": [13, 4, 12, 5], "texture": "#main"}
			}
		},
		{
			"from": [16, 17, 6],
			"to": [16, 21, 10],
			"rotation": {"angle": -45, "axis": "y", "origin": [14, 20, 8]},
			"faces": {
				"north": {"uv": [5.25, 12.75, 6.75, 14.25], "texture": "#overlay"},
				"east": {"uv": [5.25, 12.75, 6.75, 14.25], "texture": "#overlay"},
				"south": {"uv": [5.25, 12.75, 6.75, 14.25], "texture": "#overlay"},
				"west": {"uv": [5.25, 12.75, 6.75, 14.25], "texture": "#overlay"},
				"up": {"uv": [5.25, 12.75, 6.75, 14.25], "texture": "#overlay"},
				"down": {"uv": [5.25, 12.75, 6.75, 14.25], "texture": "#overlay"}
			}
		},
		{
			"from": [16, 17, 6],
			"to": [16, 21, 10],
			"rotation": {"angle": -22.5, "axis": "z", "origin": [14, 20, 8]},
			"faces": {
				"north": {"uv": [5.25, 12.75, 6.75, 14.25], "texture": "#overlay"},
				"east": {"uv": [5.25, 12.75, 6.75, 14.25], "texture": "#overlay"},
				"south": {"uv": [5.25, 12.75, 6.75, 14.25], "texture": "#overlay"},
				"west": {"uv": [5.25, 12.75, 6.75, 14.25], "texture": "#overlay"},
				"up": {"uv": [5.25, 12.75, 6.75, 14.25], "texture": "#overlay"},
				"down": {"uv": [5.25, 12.75, 6.75, 14.25], "texture": "#overlay"}
			}
		},
		{
			"from": [14, 17, 6],
			"to": [14, 21, 10],
			"faces": {
				"north": {"uv": [5.25, 12.75, 6.75, 14.25], "texture": "#overlay"},
				"east": {"uv": [5.25, 12.75, 6.75, 14.25], "texture": "#overlay"},
				"south": {"uv": [5.25, 12.75, 6.75, 14.25], "texture": "#overlay"},
				"west": {"uv": [5.25, 12.75, 6.75, 14.25], "texture": "#overlay"},
				"up": {"uv": [5.25, 12.75, 6.75, 14.25], "texture": "#overlay"},
				"down": {"uv": [5.25, 12.75, 6.75, 14.25], "texture": "#overlay"}
			}
		},
		{
			"from": [12, 18, 8],
			"to": [16, 22, 8],
			"faces": {
				"north": {"uv": [5.25, 12.75, 6.75, 14.25], "texture": "#overlay"},
				"east": {"uv": [5.25, 12.75, 6.75, 14.25], "texture": "#overlay"},
				"south": {"uv": [5.25, 12.75, 6.75, 14.25], "texture": "#overlay"},
				"west": {"uv": [5.25, 12.75, 6.75, 14.25], "texture": "#overlay"},
				"up": {"uv": [5.25, 12.75, 6.75, 14.25], "texture": "#overlay"},
				"down": {"uv": [5.25, 12.75, 6.75, 14.25], "texture": "#overlay"}
			}
		},
		{
			"name": "left_arm",
			"from": [0, 6, 6],
			"to": [4, 18, 10],
			"rotation": {"angle": 45, "axis": "x", "origin": [8, 16, 8]},
			"faces": {
				"north": {"uv": [10, 9, 11, 12], "texture": "#main"},
				"east": {"uv": [13, 9, 14, 12], "texture": "#main"},
				"south": {"uv": [11, 9, 12, 12], "texture": "#main"},
				"west": {"uv": [12, 9, 13, 12], "texture": "#main"},
				"up": {"uv": [12, 9, 11, 8], "texture": "#main"},
				"down": {"uv": [13, 8, 12, 9], "texture": "#main"}
			}
		},
		{
			"from": [1, 16.25, 6.75],
			"to": [1, 20.25, 10.75],
			"faces": {
				"north": {"uv": [5.25, 12.75, 6.75, 14.25], "texture": "#overlay"},
				"east": {"uv": [5.25, 12.75, 6.75, 14.25], "texture": "#overlay"},
				"south": {"uv": [5.25, 12.75, 6.75, 14.25], "texture": "#overlay"},
				"west": {"uv": [5.25, 12.75, 6.75, 14.25], "texture": "#overlay"},
				"up": {"uv": [5.25, 12.75, 6.75, 14.25], "texture": "#overlay"},
				"down": {"uv": [5.25, 12.75, 6.75, 14.25], "texture": "#overlay"}
			}
		},
		{
			"from": [0, 16.75, 9],
			"to": [4, 20.75, 9],
			"faces": {
				"north": {"uv": [5.25, 12.75, 6.75, 14.25], "texture": "#overlay"},
				"east": {"uv": [5.25, 12.75, 6.75, 14.25], "texture": "#overlay"},
				"south": {"uv": [5.25, 12.75, 6.75, 14.25], "texture": "#overlay"},
				"west": {"uv": [5.25, 12.75, 6.75, 14.25], "texture": "#overlay"},
				"up": {"uv": [5.25, 12.75, 6.75, 14.25], "texture": "#overlay"},
				"down": {"uv": [5.25, 12.75, 6.75, 14.25], "texture": "#overlay"}
			}
		},
		{
			"from": [3, 16.75, 6],
			"to": [3, 20.75, 10],
			"faces": {
				"north": {"uv": [5.25, 12.75, 6.75, 14.25], "texture": "#overlay"},
				"east": {"uv": [5.25, 12.75, 6.75, 14.25], "texture": "#overlay"},
				"south": {"uv": [5.25, 12.75, 6.75, 14.25], "texture": "#overlay"},
				"west": {"uv": [5.25, 12.75, 6.75, 14.25], "texture": "#overlay"},
				"up": {"uv": [5.25, 12.75, 6.75, 14.25], "rotation": 270, "texture": "#overlay"},
				"down": {"uv": [5.25, 12.75, 6.75, 14.25], "rotation": 90, "texture": "#overlay"}
			}
		}
	],
	"display": {
		"head": {
			"translation": [0, -29, 0],
			"scale": [1.6, 1.6, 1.6]
		}
	},
	"groups": [
		{
			"name": "head",
			"children": [0, 1, 2, 3, 4]
		},
		{
			"name": "body",
			"children": [5, 6]
		},
		{
			"name": "legs",
			"children": [7, 8, 9, 10, 11, 12]
		},
		{
			"name": "R arm",
			"children": [13, 14, 15, 16, 17]
		},
		{
			"name": "L arm",
			"children": [18, 19, 20, 21]
		}
	]
}