{
	"credit": "Made By BronGhast014 with Blockbench",
	"textures": {
		"main": "mobs/mudman",
		"particle": "mobs/mudman",
		"overlay": "mobs/overgrowth"
	},
	"elements": [
		{
			"name": "body",
			"from": [4, 6, 6],
			"to": [12, 18, 10],
			"faces": {
				"north": {"uv": [5, 5, 7, 7.98], "texture": "#main"},
				"east": {"uv": [4, 5, 5, 8], "texture": "#main"},
				"south": {"uv": [8, 5, 10, 8], "texture": "#main"},
				"west": {"uv": [7, 5, 8, 7.98], "texture": "#main"},
				"up": {"uv": [7, 5, 5, 4], "texture": "#main"},
				"down": {"uv": [9, 4, 7, 5], "texture": "#main"}
			}
		},
		{
			"name": "body",
			"from": [4, 6, 6],
			"to": [12, 18, 10],
			"faces": {
				"north": {"uv": [5, 13, 7, 15.98], "texture": "#main"},
				"east": {"uv": [4, 13, 5, 16], "texture": "#main"},
				"south": {"uv": [8, 13, 10, 16], "texture": "#main"},
				"west": {"uv": [7, 13, 8, 15.98], "texture": "#main"},
				"up": {"uv": [7, 13, 5, 12], "texture": "#main"},
				"down": {"uv": [9, 12, 7, 13], "texture": "#main"}
			}
		},
		{
			"from": [10, -5, 8],
			"to": [14, -1, 8],
			"rotation": {"angle": 22.5, "axis": "x", "origin": [8, 5, 8]},
			"faces": {
				"north": {"uv": [5.25, 12.75, 6.75, 14.25], "texture": "#overlay"},
				"east": {"uv": [5.25, 12.75, 6.75, 14.25], "texture": "#overlay"},
				"south": {"uv": [6.75, 12.75, 5.25, 14.25], "texture": "#overlay"},
				"west": {"uv": [5.25, 12.75, 6.75, 14.25], "texture": "#overlay"},
				"up": {"uv": [5.25, 12.75, 6.75, 14.25], "rotation": 270, "texture": "#overlay"},
				"down": {"uv": [5.25, 12.75, 6.75, 14.25], "rotation": 90, "texture": "#overlay"}
			}
		},
		{
			"from": [11, -6, 4],
			"to": [11, -2, 8],
			"rotation": {"angle": 22.5, "axis": "x", "origin": [8, 5, 8]},
			"faces": {
				"north": {"uv": [5.25, 12.75, 6.75, 14.25], "texture": "#overlay"},
				"east": {"uv": [5.25, 12.75, 6.75, 14.25], "texture": "#overlay"},
				"south": {"uv": [5.25, 12.75, 6.75, 14.25], "texture": "#overlay"},
				"west": {"uv": [6.75, 12.75, 5.25, 14.25], "texture": "#overlay"},
				"up": {"uv": [5.25, 12.75, 6.75, 14.25], "rotation": 180, "texture": "#overlay"},
				"down": {"uv": [5.25, 12.75, 6.75, 14.25], "rotation": 180, "texture": "#overlay"}
			}
		},
		{
			"name": "right_leg",
			"from": [8, -6, 6],
			"to": [12, 6, 10],
			"rotation": {"angle": 22.5, "axis": "x", "origin": [8, 5, 8]},
			"faces": {
				"north": {"uv": [1, 13, 2, 16], "texture": "#main"},
				"east": {"uv": [0, 13, 1, 16], "texture": "#main"},
				"south": {"uv": [3, 13, 4, 16], "texture": "#main"},
				"west": {"uv": [2, 13, 3, 16], "texture": "#main"},
				"up": {"uv": [2.25, 13, 1.25, 12], "texture": "#main"},
				"down": {"uv": [3, 12, 2, 13], "texture": "#main"}
			}
		},
		{
			"name": "right_leg",
			"from": [4, -6, 6],
			"to": [8, 6, 10],
			"rotation": {"angle": -22.5, "axis": "x", "origin": [8, 4.5, 8]},
			"faces": {
				"north": {"uv": [1, 13, 2, 16], "texture": "#main"},
				"east": {"uv": [0, 13, 1, 16], "texture": "#main"},
				"south": {"uv": [3, 13, 4, 16], "texture": "#main"},
				"west": {"uv": [2, 13, 3, 16], "texture": "#main"},
				"up": {"uv": [2.25, 13, 1.25, 12], "texture": "#main"},
				"down": {"uv": [3, 12, 2, 13], "texture": "#main"}
			}
		},
		{
			"name": "right_leg",
			"from": [8, -6, 6],
			"to": [12, 6, 10],
			"rotation": {"angle": 22.5, "axis": "x", "origin": [8, 5, 8]},
			"faces": {
				"north": {"uv": [1, 5, 2, 8], "texture": "#main"},
				"east": {"uv": [0, 5, 1, 8], "texture": "#main"},
				"south": {"uv": [3, 5, 4, 8], "texture": "#main"},
				"west": {"uv": [2, 5, 3, 8], "texture": "#main"},
				"up": {"uv": [2, 5, 1, 4], "texture": "#main"},
				"down": {"uv": [3, 4, 2, 5], "texture": "#main"}
			}
		},
		{
			"name": "left_leg",
			"from": [4, -6, 6],
			"to": [8, 6, 10],
			"rotation": {"angle": -22.5, "axis": "x", "origin": [8, 4.5, 8]},
			"faces": {
				"north": {"uv": [0, 5, 1, 8], "texture": "#main"},
				"east": {"uv": [3, 5, 4, 8], "texture": "#main"},
				"south": {"uv": [1, 5, 2, 8], "texture": "#main"},
				"west": {"uv": [2, 5, 3, 8], "texture": "#main"},
				"up": {"uv": [2, 5, 1, 4], "texture": "#main"},
				"down": {"uv": [3, 4, 2, 5], "texture": "#main"}
			}
		}
	],
	"display": {
		"head": {
			"translation": [0, -58, 0],
			"scale": [1.6, 1.6, 1.6]
		}
	},
	"groups": [
		{
			"name": "body",
			"children": [0, 1,
				{
					"name": "legs",
					"children": [2, 3, 4, 5, 6, 7]
				}
			]
		}
	]
}