{
	"credit": "Made By BronGhast014 with Blockbench",
	"textures": {
		"main": "mobs/mudman",
		"particle": "mobs/mudman",
		"overlay": "mobs/overgrowth"
	},
	"elements": [
		{
			"name": "left_arm",
			"from": [0, 6, 6],
			"to": [4, 18, 10],
			"rotation": {"angle": 45, "axis": "x", "origin": [8, 16, 8]},
			"faces": {
				"north": {"uv": [10, 9, 11, 12], "texture": "#main"},
				"east": {"uv": [13, 9, 14, 12], "texture": "#main"},
				"south": {"uv": [11, 9, 12, 12], "texture": "#main"},
				"west": {"uv": [12, 9, 13, 12], "texture": "#main"},
				"up": {"uv": [12, 9, 11, 8], "texture": "#main"},
				"down": {"uv": [13, 8, 12, 9], "texture": "#main"}
			}
		},
		{
			"from": [1, 16.25, 6.75],
			"to": [1, 20.25, 10.75],
			"faces": {
				"north": {"uv": [5.25, 12.75, 6.75, 14.25], "texture": "#overlay"},
				"east": {"uv": [5.25, 12.75, 6.75, 14.25], "texture": "#overlay"},
				"south": {"uv": [5.25, 12.75, 6.75, 14.25], "texture": "#overlay"},
				"west": {"uv": [5.25, 12.75, 6.75, 14.25], "texture": "#overlay"},
				"up": {"uv": [5.25, 12.75, 6.75, 14.25], "texture": "#overlay"},
				"down": {"uv": [5.25, 12.75, 6.75, 14.25], "texture": "#overlay"}
			}
		},
		{
			"from": [0, 16.75, 9],
			"to": [4, 20.75, 9],
			"faces": {
				"north": {"uv": [5.25, 12.75, 6.75, 14.25], "texture": "#overlay"},
				"east": {"uv": [5.25, 12.75, 6.75, 14.25], "texture": "#overlay"},
				"south": {"uv": [5.25, 12.75, 6.75, 14.25], "texture": "#overlay"},
				"west": {"uv": [5.25, 12.75, 6.75, 14.25], "texture": "#overlay"},
				"up": {"uv": [5.25, 12.75, 6.75, 14.25], "texture": "#overlay"},
				"down": {"uv": [5.25, 12.75, 6.75, 14.25], "texture": "#overlay"}
			}
		},
		{
			"from": [3, 16.75, 6],
			"to": [3, 20.75, 10],
			"faces": {
				"north": {"uv": [5.25, 12.75, 6.75, 14.25], "texture": "#overlay"},
				"east": {"uv": [5.25, 12.75, 6.75, 14.25], "texture": "#overlay"},
				"south": {"uv": [5.25, 12.75, 6.75, 14.25], "texture": "#overlay"},
				"west": {"uv": [5.25, 12.75, 6.75, 14.25], "texture": "#overlay"},
				"up": {"uv": [5.25, 12.75, 6.75, 14.25], "rotation": 270, "texture": "#overlay"},
				"down": {"uv": [5.25, 12.75, 6.75, 14.25], "rotation": 90, "texture": "#overlay"}
			}
		}
	],
	"display": {
		"thirdperson_lefthand": {
			"rotation": [45, 0, 0],
			"translation": [-6, -7.75, 4.25]
		},
		"head": {
			"translation": [0, -29, 0],
			"scale": [1.6, 1.6, 1.6]
		}
	},
	"groups": [
		{
			"name": "L arm",
			"children": [0, 1, 2, 3]
		}
	]
}