{
	"credit": "Made By BronGhast014 with Blockbench",
	"textures": {
		"0": "mobs/cave_dweller_hurt",
		"1_0": "mobs/cave_dweller_hurt",
		"particle": "mobs/cave_dweller_hurt"
	},
	"elements": [
		{
			"name": "mask",
			"from": [3.9, 23.8, 3.8],
			"to": [12.1, 32, 12.1],
			"faces": {
				"north": {"uv": [12, 2, 14, 4], "texture": "#0"},
				"east": {"uv": [3.75, 8.25, 5.75, 10.25], "texture": "#0"},
				"south": {"uv": [14, 0, 16, 2], "texture": "#0"},
				"west": {"uv": [14, 2, 16, 4], "texture": "#0"},
				"up": {"uv": [12, 0, 14, 2], "texture": "#0"},
				"down": {"uv": [4, 0, 6, 2], "texture": "#0"}
			}
		},
		{
			"name": "head",
			"from": [4, 23.9, 4],
			"to": [12, 31.9, 12],
			"faces": {
				"north": {"uv": [2, 2, 4, 4], "texture": "#0"},
				"east": {"uv": [0, 2, 2, 4], "texture": "#0"},
				"south": {"uv": [0, 0, 2, 2], "texture": "#0"},
				"west": {"uv": [4.25, 2, 6.25, 4], "texture": "#0"},
				"up": {"uv": [2, 0, 4, 2], "texture": "#0"},
				"down": {"uv": [4, 0, 6, 2], "texture": "#0"}
			}
		},
		{
			"name": "body",
			"from": [4, 12, 6],
			"to": [12, 24, 10],
			"faces": {
				"north": {"uv": [5, 5, 7, 8], "texture": "#1_0"},
				"east": {"uv": [4, 5, 5, 8], "texture": "#1_0"},
				"south": {"uv": [8, 5, 10, 8], "texture": "#1_0"},
				"west": {"uv": [7, 5, 8, 8], "texture": "#1_0"},
				"up": {"uv": [5, 4, 7, 5], "texture": "#1_0"},
				"down": {"uv": [7, 4, 9, 5], "texture": "#1_0"}
			}
		},
		{
			"name": "R leg",
			"from": [4, 0, 6],
			"to": [8, 12, 10],
			"faces": {
				"north": {"uv": [1, 5, 2, 8], "texture": "#1_0"},
				"east": {"uv": [2, 5, 3, 8], "texture": "#1_0"},
				"south": {"uv": [3, 5, 4, 8], "texture": "#1_0"},
				"west": {"uv": [0, 5, 1, 8], "texture": "#1_0"},
				"up": {"uv": [1, 4, 2, 5], "texture": "#1_0"},
				"down": {"uv": [2.25, 7.5, 3, 8], "texture": "#1_0"}
			}
		},
		{
			"name": "L leg",
			"from": [8, 0, 6],
			"to": [12, 12, 10],
			"faces": {
				"north": {"uv": [1, 5, 2, 8], "texture": "#1_0"},
				"east": {"uv": [0, 5, 1, 8], "texture": "#1_0"},
				"south": {"uv": [3, 5, 4, 8], "texture": "#1_0"},
				"west": {"uv": [0, 5, 1, 8], "texture": "#1_0"},
				"up": {"uv": [1, 4, 2, 5], "texture": "#1_0"},
				"down": {"uv": [2.25, 7.5, 3, 8], "texture": "#1_0"}
			}
		}
	],
	"display": {
		"thirdperson_righthand": {
			"translation": [-6, -16, 10]
		},
		"thirdperson_lefthand": {
			"translation": [-6, -16, 10]
		},
		"head": {
			"translation": [0, -32, 0],
			"scale": [1.6, 1.6, 1.6]
		}
	},
	"groups": [
		{
			"name": "head",
			"children": [0, 1]
		},
		{
			"name": "body",
			"children": [
				{
					"name": "body",
					"children": [2, 3, 4]
				}
			]
		}
	]
}