{
	"credit": "Made By BronGhast014 with Blockbench",
	"textures": {
		"0": "mobs/cave_dweller_hurt",
		"particle": "mobs/cave_dweller"
	},
	"elements": [
		{
			"name": "R arm mask",
			"from": [-0.1, 19.9, -2.1],
			"to": [4.1, 24.1, 10.2],
			"faces": {
				"north": {"uv": [9, 0, 10, 1], "rotation": 180, "texture": "#0"},
				"east": {"uv": [13.25, 7.5, 14.25, 10.5], "rotation": 270, "texture": "#0"},
				"south": {"uv": [6.25, 8.5, 7.25, 9.5], "rotation": 180, "texture": "#0"},
				"west": {"uv": [12, 7.5, 13, 10.5], "rotation": 90, "texture": "#0"},
				"up": {"uv": [14.25, 7.5, 15.25, 10.5], "rotation": 180, "texture": "#0"},
				"down": {"uv": [15, 7.5, 16, 10.5], "texture": "#0"}
			}
		},
		{
			"name": "R arm",
			"from": [0, 20, -2],
			"to": [4, 24, 10],
			"faces": {
				"north": {"uv": [8, 0, 9, 1], "rotation": 180, "texture": "#0"},
				"east": {"uv": [8, 1, 9, 4], "rotation": 270, "texture": "#0"},
				"south": {"uv": [7, 0, 8, 1], "rotation": 180, "texture": "#0"},
				"west": {"uv": [7, 1, 8, 4], "rotation": 90, "texture": "#0"},
				"up": {"uv": [7, 1, 8, 4], "rotation": 180, "texture": "#0"},
				"down": {"uv": [9, 1, 10, 4], "texture": "#0"}
			}
		}
	],
	"display": {
		"thirdperson_righthand": {
			"translation": [-6, -16, 10]
		},
		"thirdperson_lefthand": {
			"translation": [-6, -16, 10]
		},
		"head": {
			"translation": [0, -32, 0],
			"scale": [1.6, 1.6, 1.6]
		}
	},
	"groups": [
		{
			"name": "l arm",
			"children": [0, 1]
		}
	]
}