{
	"credit": "Made By BronGhast014 with Blockbench",
	"textures": {
		"0": "mobs/jungle_skeleton",
		"1": "mobs/overgrowth",
		"particle": "mobs/jungle_skeleton"
	},
	"elements": [
		{
			"name": "Head",
			"from": [4.1, 21.1, 4.1],
			"to": [11.9, 28.9, 11.9],
			"faces": {
				"north": {"uv": [2, 2, 4, 4], "texture": "#1"},
				"east": {"uv": [2.25, 0, 4.25, 2], "texture": "#1"},
				"south": {"uv": [4, 2, 6, 4], "texture": "#1"},
				"west": {"uv": [4, 2, 6, 4], "texture": "#1"},
				"up": {"uv": [4, 2, 2, 0], "texture": "#1"},
				"down": {"uv": [0, 0, 2, 2], "texture": "#1"}
			}
		},
		{
			"name": "skull",
			"from": [4, 21, 4],
			"to": [12, 29, 12],
			"faces": {
				"north": {"uv": [4, 4, 8, 8], "texture": "#0"},
				"east": {"uv": [0, 4, 4, 8], "texture": "#0"},
				"south": {"uv": [0, 0, 4, 4], "texture": "#0"},
				"west": {"uv": [8, 4, 12, 8], "texture": "#0"},
				"up": {"uv": [4, 0, 8, 4], "texture": "#0"},
				"down": {"uv": [8, 0, 12, 4], "texture": "#0"}
			}
		},
		{
			"name": "Body",
			"from": [4, 9, 6],
			"to": [12, 21, 10],
			"faces": {
				"north": {"uv": [10, 10, 14, 16], "texture": "#0"},
				"east": {"uv": [14, 10, 16, 16], "texture": "#0"},
				"south": {"uv": [12, 2, 16, 8], "texture": "#0"},
				"west": {"uv": [8, 10, 10, 16], "texture": "#0"},
				"up": {"uv": [11.25, 8.75, 13.25, 9.75], "rotation": 180, "texture": "#0"},
				"down": {"uv": [12, 0, 16, 2], "rotation": 180, "texture": "#0"}
			}
		},
		{
			"name": "R Leg",
			"from": [5, 3, 7],
			"to": [7, 9, 9],
			"faces": {
				"north": {"uv": [7, 12, 8, 15], "texture": "#0"},
				"east": {"uv": [7, 12, 8, 15], "texture": "#0"},
				"south": {"uv": [7, 12, 8, 15], "texture": "#0"},
				"west": {"uv": [7, 12, 8, 15], "texture": "#0"},
				"up": {"uv": [7, 9, 8, 10], "texture": "#0"},
				"down": {"uv": [7, 12, 8, 15], "texture": "#0"}
			}
		},
		{
			"name": "R Leg",
			"from": [5, -3, 7],
			"to": [7, 3, 9],
			"faces": {
				"north": {"uv": [12, 2.5, 12.5, 4], "texture": "#1"},
				"east": {"uv": [12, 2.5, 12.5, 4], "texture": "#1"},
				"south": {"uv": [12, 2.5, 12.5, 4], "texture": "#1"},
				"west": {"uv": [12, 2.5, 12.5, 4], "texture": "#1"},
				"up": {"uv": [12, 2.5, 12.5, 4], "texture": "#1"},
				"down": {"uv": [12, 2, 12.5, 2.5], "texture": "#1"}
			}
		},
		{
			"name": "L Leg",
			"from": [9, -3, 7],
			"to": [11, 3, 9],
			"faces": {
				"north": {"uv": [1, 12, 2, 15], "texture": "#0"},
				"east": {"uv": [2, 12, 3, 15], "texture": "#0"},
				"south": {"uv": [3, 12, 4, 15], "texture": "#0"},
				"west": {"uv": [0, 12, 1, 15], "texture": "#0"},
				"up": {"uv": [1, 8, 2, 9], "texture": "#0"},
				"down": {"uv": [1, 8, 2, 9], "texture": "#0"}
			}
		},
		{
			"name": "L Leg",
			"from": [9, 3, 7],
			"to": [11, 9, 9],
			"faces": {
				"north": {"uv": [1, 9, 2, 12], "texture": "#0"},
				"east": {"uv": [2, 9, 3, 12], "texture": "#0"},
				"south": {"uv": [3, 9, 4, 12], "texture": "#0"},
				"west": {"uv": [0, 9, 1, 12], "texture": "#0"},
				"up": {"uv": [1, 8, 2, 9], "texture": "#0"},
				"down": {"uv": [1, 8, 2, 9], "texture": "#0"}
			}
		},
		{
			"name": "Body",
			"from": [4, 9, 10.1],
			"to": [12, 21, 10.1],
			"faces": {
				"north": {"uv": [10, 9, 12, 12], "texture": "#1"},
				"east": {"uv": [14, 10, 16, 16], "texture": "#0"},
				"south": {"uv": [10, 9, 12, 12], "texture": "#1"},
				"west": {"uv": [8, 10, 10, 16], "texture": "#0"},
				"up": {"uv": [11.25, 8.75, 13.25, 9.75], "rotation": 180, "texture": "#0"},
				"down": {"uv": [12, 0, 16, 2], "rotation": 180, "texture": "#0"}
			}
		},
		{
			"from": [0, 27, 11],
			"to": [5, 32, 11],
			"rotation": {"angle": -45, "axis": "z", "origin": [1.5, 28.5, 11]},
			"faces": {
				"north": {"uv": [14.25, 10.5, 15.5, 11.75], "rotation": 270, "texture": "#1"},
				"east": {"uv": [0, 0, 4, 0], "rotation": 270, "texture": "#missing"},
				"south": {"uv": [14.25, 10.5, 15.5, 11.75], "rotation": 90, "texture": "#1"},
				"west": {"uv": [0, 0, 4, 0], "rotation": 270, "texture": "#missing"},
				"up": {"uv": [0, 0, 0, 5], "rotation": 90, "texture": "#missing"},
				"down": {"uv": [0, 0, 0, 5], "rotation": 270, "texture": "#missing"}
			}
		},
		{
			"from": [4.5, 27, 8.5],
			"to": [4.5, 32, 13.5],
			"faces": {
				"north": {"uv": [0, 0, 0, 5], "texture": "#missing"},
				"east": {"uv": [14.25, 10.5, 15.5, 11.75], "rotation": 180, "texture": "#1"},
				"south": {"uv": [0, 0, 0, 5], "rotation": 180, "texture": "#missing"},
				"west": {"uv": [14.25, 10.5, 15.5, 11.75], "rotation": 180, "texture": "#1"},
				"up": {"uv": [0, 0, 4, 0], "rotation": 270, "texture": "#missing"},
				"down": {"uv": [0, 0, 4, 0], "rotation": 270, "texture": "#missing"}
			}
		},
		{
			"from": [2, 27, 11.5],
			"to": [7, 32, 11.5],
			"rotation": {"angle": 45, "axis": "y", "origin": [4.5, 29.5, 11]},
			"faces": {
				"north": {"uv": [14.25, 10.5, 15.5, 11.75], "rotation": 180, "texture": "#1"},
				"east": {"uv": [0, 0, 0, 5], "texture": "#missing"},
				"south": {"uv": [14.25, 10.5, 15.5, 11.75], "rotation": 180, "texture": "#1"},
				"west": {"uv": [0, 0, 0, 5], "rotation": 180, "texture": "#missing"},
				"up": {"uv": [0, 0, 4, 0], "texture": "#missing"},
				"down": {"uv": [0, 0, 4, 0], "rotation": 180, "texture": "#missing"}
			}
		},
		{
			"from": [2, 27, 11.5],
			"to": [7, 32, 11.5],
			"rotation": {"angle": -45, "axis": "y", "origin": [4.5, 29.5, 11]},
			"faces": {
				"north": {"uv": [14.25, 10.5, 15.5, 11.75], "rotation": 180, "texture": "#1"},
				"east": {"uv": [0, 0, 0, 5], "texture": "#missing"},
				"south": {"uv": [14.25, 10.5, 15.5, 11.75], "rotation": 180, "texture": "#1"},
				"west": {"uv": [0, 0, 0, 5], "rotation": 180, "texture": "#missing"},
				"up": {"uv": [0, 0, 4, 0], "texture": "#missing"},
				"down": {"uv": [0, 0, 4, 0], "rotation": 180, "texture": "#missing"}
			}
		},
		{
			"from": [10, 27, 11],
			"to": [15, 32, 11],
			"rotation": {"angle": -22.5, "axis": "z", "origin": [12.5, 29.5, 11]},
			"faces": {
				"north": {"uv": [10, 0.25, 12, 2], "texture": "#1"},
				"east": {"uv": [0, 0, 0, 5], "texture": "#missing"},
				"south": {"uv": [10, 0.25, 12, 2], "texture": "#1"},
				"west": {"uv": [0, 0, 0, 5], "rotation": 180, "texture": "#missing"},
				"up": {"uv": [0, 0, 4, 0], "texture": "#missing"},
				"down": {"uv": [0, 0, 4, 0], "rotation": 180, "texture": "#missing"}
			}
		},
		{
			"name": "brown mushroom",
			"from": [8, 9, 7.5],
			"to": [11, 12, 7.5],
			"faces": {
				"north": {"uv": [8, 0, 10, 1.75], "texture": "#1"},
				"east": {"uv": [0, 0, 0, 5], "texture": "#missing"},
				"south": {"uv": [8, 0, 10, 1.75], "texture": "#1"},
				"west": {"uv": [0, 0, 0, 5], "rotation": 180, "texture": "#missing"},
				"up": {"uv": [0, 0, 4, 0], "texture": "#missing"},
				"down": {"uv": [0, 0, 4, 0], "rotation": 180, "texture": "#missing"}
			}
		},
		{
			"name": "brown mushroom",
			"from": [9.5, 9, 6],
			"to": [9.5, 12, 9],
			"faces": {
				"north": {"uv": [0, 0, 0, 5], "texture": "#missing"},
				"east": {"uv": [8, 0, 10, 1.75], "texture": "#1"},
				"south": {"uv": [0, 0, 0, 5], "rotation": 180, "texture": "#missing"},
				"west": {"uv": [8, 0, 10, 1.75], "texture": "#1"},
				"up": {"uv": [0, 0, 4, 0], "rotation": 270, "texture": "#missing"},
				"down": {"uv": [0, 0, 4, 0], "rotation": 270, "texture": "#missing"}
			}
		},
		{
			"name": "red mushroom",
			"from": [11.64705, 27.99982, 10.50312],
			"to": [12.64705, 29.49982, 11.50312],
			"rotation": {"angle": -22.5, "axis": "z", "origin": [11.64749, 29.18732, 11.00269]},
			"faces": {
				"north": {"uv": [10.75, 1.25, 11.25, 2], "texture": "#1"},
				"east": {"uv": [10.75, 1.25, 11.25, 2], "texture": "#1"},
				"south": {"uv": [10.75, 1.25, 11.25, 2], "texture": "#1"},
				"west": {"uv": [10.75, 1.25, 11.25, 2], "texture": "#1"},
				"up": {"uv": [10.75, 1.25, 11.25, 1.5], "texture": "#1"},
				"down": {"uv": [10.75, 1.5, 11.25, 2], "texture": "#1"}
			}
		},
		{
			"name": "red mushroom",
			"from": [10.14705, 29.49982, 9.00312],
			"to": [14.14705, 30.49982, 13.00312],
			"rotation": {"angle": -22.5, "axis": "z", "origin": [11.64749, 29.18732, 11.00269]},
			"faces": {
				"north": {"uv": [10, 0.75, 12, 1.25], "texture": "#1"},
				"east": {"uv": [10, 0.75, 12, 1.25], "texture": "#1"},
				"south": {"uv": [10, 0.75, 12, 1.25], "texture": "#1"},
				"west": {"uv": [10, 0.75, 12, 1.25], "texture": "#1"},
				"up": {"uv": [10, 2, 12, 4], "texture": "#1"},
				"down": {"uv": [8, 2, 10, 4], "texture": "#1"}
			}
		},
		{
			"name": "red mushroom",
			"from": [11.1488, 30.99982, 10.00138],
			"to": [13.1488, 31.49982, 12.00138],
			"rotation": {"angle": -22.5, "axis": "z", "origin": [11.64749, 29.18732, 11.00269]},
			"faces": {
				"north": {"uv": [10.5, 0.25, 11.5, 0.5], "texture": "#1"},
				"east": {"uv": [11.25, 0.25, 11.5, 0.5], "texture": "#1"},
				"south": {"uv": [10.5, 0.25, 11.5, 0.5], "texture": "#1"},
				"west": {"uv": [10.5, 0.25, 11.5, 0.5], "texture": "#1"},
				"up": {"uv": [10.5, 2.5, 11.5, 3.5], "texture": "#1"},
				"down": {"uv": [10.5, 0.25, 11.5, 0.5], "texture": "#1"}
			}
		},
		{
			"name": "red mushroom",
			"from": [10.64705, 30.49982, 9.50312],
			"to": [13.64705, 30.99982, 12.50312],
			"rotation": {"angle": -22.5, "axis": "z", "origin": [11.64749, 29.18732, 11.00269]},
			"faces": {
				"north": {"uv": [10.25, 0.5, 11.75, 0.75], "texture": "#1"},
				"east": {"uv": [10.25, 0.5, 11.75, 0.75], "texture": "#1"},
				"south": {"uv": [10.25, 0.5, 11.75, 0.75], "texture": "#1"},
				"west": {"uv": [10.25, 0.5, 11.75, 0.75], "texture": "#1"},
				"up": {"uv": [10.25, 2.25, 11.75, 3.75], "texture": "#1"},
				"down": {"uv": [10.25, 0.5, 11.75, 0.75], "texture": "#1"}
			}
		},
		{
			"from": [7.7, -2.00003, 8],
			"to": [12.7, 2.99997, 8],
			"rotation": {"angle": -22.5, "axis": "z", "origin": [11.5, -1.50003, 8]},
			"faces": {
				"north": {"uv": [14.25, 10.5, 15.5, 11.75], "rotation": 180, "texture": "#1"},
				"east": {"uv": [0, 0, 0, 5], "texture": "#missing"},
				"south": {"uv": [14.25, 10.5, 15.5, 11.75], "rotation": 180, "texture": "#1"},
				"west": {"uv": [0, 0, 0, 5], "rotation": 180, "texture": "#missing"},
				"up": {"uv": [0, 0, 4, 0], "texture": "#missing"},
				"down": {"uv": [0, 0, 4, 0], "rotation": 180, "texture": "#missing"}
			}
		},
		{
			"from": [9.7966, -2.00309, 5.55646],
			"to": [9.7966, 2.99691, 10.55646],
			"faces": {
				"north": {"uv": [0, 0, 0, 5], "texture": "#missing"},
				"east": {"uv": [14.25, 10.5, 15.5, 11.75], "rotation": 180, "texture": "#1"},
				"south": {"uv": [0, 0, 0, 5], "rotation": 180, "texture": "#missing"},
				"west": {"uv": [14.25, 10.5, 15.5, 11.75], "rotation": 180, "texture": "#1"},
				"up": {"uv": [0, 0, 4, 0], "rotation": 270, "texture": "#missing"},
				"down": {"uv": [0, 0, 4, 0], "rotation": 270, "texture": "#missing"}
			}
		},
		{
			"from": [9.7966, -2.00309, 5.55646],
			"to": [9.7966, 2.99691, 10.55646],
			"rotation": {"angle": 45, "axis": "y", "origin": [9.7966, 0.49691, 8.05646]},
			"faces": {
				"north": {"uv": [0, 0, 0, 5], "texture": "#missing"},
				"east": {"uv": [14.25, 10.5, 15.5, 11.75], "rotation": 180, "texture": "#1"},
				"south": {"uv": [0, 0, 0, 5], "rotation": 180, "texture": "#missing"},
				"west": {"uv": [14.25, 10.5, 15.5, 11.75], "rotation": 180, "texture": "#1"},
				"up": {"uv": [0, 0, 4, 0], "rotation": 270, "texture": "#missing"},
				"down": {"uv": [0, 0, 4, 0], "rotation": 270, "texture": "#missing"}
			}
		},
		{
			"from": [9.7966, -2.00309, 5.55646],
			"to": [9.7966, 2.99691, 10.55646],
			"rotation": {"angle": -45, "axis": "y", "origin": [9.7966, 0.49691, 8.05646]},
			"faces": {
				"north": {"uv": [0, 0, 0, 5], "texture": "#missing"},
				"east": {"uv": [14.25, 10.5, 15.5, 11.75], "rotation": 180, "texture": "#1"},
				"south": {"uv": [0, 0, 0, 5], "rotation": 180, "texture": "#missing"},
				"west": {"uv": [14.25, 10.5, 15.5, 11.75], "rotation": 180, "texture": "#1"},
				"up": {"uv": [0, 0, 4, 0], "rotation": 270, "texture": "#missing"},
				"down": {"uv": [0, 0, 4, 0], "rotation": 270, "texture": "#missing"}
			}
		}
	],
	"display": {
		"thirdperson_righthand": {
			"rotation": [75, 45, 0],
			"translation": [0, 2.5, 0],
			"scale": [0.375, 0.375, 0.375]
		},
		"thirdperson_lefthand": {
			"rotation": [75, 45, 0],
			"translation": [0, 2.5, 0],
			"scale": [0.375, 0.375, 0.375]
		},
		"firstperson_righthand": {
			"rotation": [0, 111, 0],
			"scale": [0.4, 0.4, 0.4]
		},
		"firstperson_lefthand": {
			"rotation": [0, 132, 0],
			"scale": [0.4, 0.4, 0.4]
		},
		"ground": {
			"translation": [0, 3, 0],
			"scale": [0.25, 0.25, 0.25]
		},
		"gui": {
			"rotation": [30, 225, 0],
			"translation": [0, -2, 0],
			"scale": [0.5, 0.5, 0.5]
		},
		"head": {
			"translation": [0, -27.25, 0],
			"scale": [1.6, 1.6, 1.6]
		},
		"fixed": {
			"scale": [0.5, 0.5, 0.5]
		}
	},
	"groups": [
		{
			"name": "body",
			"origin": [8, 8, 8],
			"children": [0, 1, 2]
		},
		{
			"name": "RL",
			"origin": [8, 8, 8],
			"children": [3, 4]
		},
		{
			"name": "LL",
			"origin": [8, 8, 8],
			"children": [5, 6]
		},
		{
			"name": "plants",
			"origin": [8, 8, 8],
			"children": [7, 8, 9, 10, 11, 12, 13, 14, 15, 16, 17, 18, 19, 20, 21, 22]
		}
	]
}