{
	"credit": "Made By BronGhast014 with Blockbench",
	"textures": {
		"1": "mobs/worlock_illager"
	},
	"elements": [
		{
			"name": "body",
			"from": [4, 4, 4.5],
			"to": [12, 16, 11.5],
			"faces": {
				"north": {"uv": [5.5, 6.5, 7.5, 9.5], "texture": "#1"},
				"east": {"uv": [4, 6.5, 5.5, 9.5], "texture": "#1"},
				"south": {"uv": [9, 6.5, 11, 9.5], "texture": "#1"},
				"west": {"uv": [7.5, 6.5, 9.25, 9.5], "texture": "#1"},
				"up": {"uv": [5.5, 5, 7.5, 6.5], "texture": "#1"},
				"down": {"uv": [7.5, 5, 9.5, 6.5], "texture": "#1"}
			}
		},
		{
			"name": "body",
			"from": [3.9, -1.1, 4.4],
			"to": [12.1, 16.1, 11.6],
			"faces": {
				"north": {"uv": [1.5, 11, 3.5, 15.5], "texture": "#1"},
				"east": {"uv": [0, 11, 1.5, 15.5], "texture": "#1"},
				"south": {"uv": [5, 11, 7, 15.5], "texture": "#1"},
				"west": {"uv": [3.5, 11, 5.25, 15.5], "texture": "#1"},
				"up": {"uv": [1.5, 9.5, 3.5, 11], "texture": "#1"},
				"down": {"uv": [7.25, 11, 9.25, 12.5], "texture": "#1"}
			}
		},
		{
			"name": "leg",
			"from": [8, -8, 6],
			"to": [12, 4, 10],
			"faces": {
				"north": {"uv": [1, 6.5, 2, 9.5], "texture": "#1"},
				"east": {"uv": [0, 6.5, 1, 9.5], "texture": "#1"},
				"south": {"uv": [3, 6.5, 4, 9.5], "texture": "#1"},
				"west": {"uv": [2, 6.5, 3, 9.5], "texture": "#1"},
				"up": {"uv": [0, 6.5, 1, 9.5], "texture": "#1"},
				"down": {"uv": [2, 5.5, 3, 6.5], "texture": "#1"}
			}
		},
		{
			"name": "leg",
			"from": [4, -8, 6],
			"to": [8, 4, 10],
			"faces": {
				"north": {"uv": [1, 6.5, 2, 9.5], "texture": "#1"},
				"east": {"uv": [0, 6.5, 1, 9.5], "texture": "#1"},
				"south": {"uv": [3, 6.5, 4, 9.5], "texture": "#1"},
				"west": {"uv": [2, 6.5, 3, 9.5], "texture": "#1"},
				"up": {"uv": [0, 6.5, 1, 9.5], "texture": "#1"},
				"down": {"uv": [2, 5.5, 3, 6.5], "texture": "#1"}
			}
		},
		{
			"name": "robe",
			"from": [3.5, -3.1, 4.3],
			"to": [12.5, 16.1, 11.7],
			"faces": {
				"north": {"uv": [1.5, 11, 3.5, 16], "texture": "#1"},
				"east": {"uv": [0, 11, 1.5, 16], "texture": "#1"},
				"south": {"uv": [5, 11, 7, 16], "texture": "#1"},
				"west": {"uv": [3.5, 11, 5.25, 16], "texture": "#1"},
				"up": {"uv": [1.5, 9.5, 3.5, 11], "texture": "#1"},
				"down": {"uv": [7.25, 11, 9.25, 12.5], "texture": "#1"}
			}
		}
	],
	"display": {
		"head": {
			"translation": [0, -57.5, 0],
			"scale": [1.6, 1.6, 1.6]
		}
	}
}