{
    "credit": "Made By BronGhast014 with Blockbench", 
    "textures": {
        "main": "mobs/animations/worlock/moving"
    }, 
    "elements": [
        {
            "name": "body", 
            "from": [ 4, 4, 4.5 ], 
            "to":   [ 12, 16, 11.5 ], 
            "faces": {
                "north": { "uv": [ 2.75, 3.25, 3.75, 4.75 ], "texture": "#main" }, 
                "east":  { "uv": [ 2, 3.25, 2.75, 4.75 ], "texture": "#main" }, 
                "south": { "uv": [ 4.5, 3.25, 5.5, 4.75 ], "texture": "#main" }, 
                "west":  { "uv": [ 3.75, 3.25, 4.625, 4.75 ], "texture": "#main" }, 
                "up":    { "uv": [ 2.75, 2.5, 3.75, 3.25 ], "texture": "#main" }, 
                "down":  { "uv": [ 3.75, 2.5, 4.75, 3.25 ], "texture": "#main" }
            }
        }, 
        {
            "name": "leg", 
            "from": [ 8, -8, 6 ], 
            "to":   [ 12, 4, 10 ], 
            "rotation": { "angle": 22.5, "axis": "x", "origin": [8, 4, 8] }, 
            "faces": {
                "north": { "uv": [ 0.5, 3.25, 1, 4.75 ], "texture": "#main" }, 
                "east":  { "uv": [ 0, 3.25, 0.5, 4.75 ], "texture": "#main" }, 
                "south": { "uv": [ 1.5, 3.25, 2, 4.75 ], "texture": "#main" }, 
                "west":  { "uv": [ 1, 3.25, 1.5, 4.75 ], "texture": "#main" }, 
                "up":    { "uv": [ 0, 3.25, 0.5, 4.75 ], "texture": "#main" }, 
                "down":  { "uv": [ 1, 2.75, 1.5, 3.25 ], "texture": "#main" }
            }
        }, 
        {
            "name": "leg", 
            "from": [ 4, -8, 6 ], 
            "to":   [ 8, 4, 10 ], 
            "rotation": { "angle": -22.5, "axis": "x", "origin": [8, 4, 8] }, 
            "faces": {
                "north": { "uv": [ 0.5, 3.25, 1, 4.75 ], "texture": "#main" }, 
                "east":  { "uv": [ 0, 3.25, 0.5, 4.75 ], "texture": "#main" }, 
                "south": { "uv": [ 1.5, 3.25, 2, 4.75 ], "texture": "#main" }, 
                "west":  { "uv": [ 1, 3.25, 1.5, 4.75 ], "texture": "#main" }, 
                "up":    { "uv": [ 0, 3.25, 0.5, 4.75 ], "texture": "#main" }, 
                "down":  { "uv": [ 1, 2.75, 1.5, 3.25 ], "texture": "#main" }
            }
        }, 
        {
            "name": "robe", 
            "from": [ 3.5, -3.1, 4.3 ], 
            "to":   [ 12.5, 16.1, 11.7 ], 
            "faces": {
                "north": { "uv": [ 0.75, 5.5, 1.75, 8 ], "texture": "#main" }, 
                "east":  { "uv": [ 0, 5.5, 0.75, 8 ], "texture": "#main" }, 
                "south": { "uv": [ 2.5, 5.5, 3.5, 8 ], "texture": "#main" }, 
                "west":  { "uv": [ 1.75, 5.5, 2.625, 8 ], "texture": "#main" }, 
                "up":    { "uv": [ 0.75, 4.75, 1.75, 5.5 ], "texture": "#main" }, 
                "down":  { "uv": [ 3.625, 5.5, 4.625, 6.25 ], "texture": "#main" }
            }
        }, 
        {
            "name": "body", 
            "from": [ 4, 4, 4.5 ], 
            "to":   [ 12, 16, 11.5 ], 
            "faces": {
                "north": { "uv": [ 10.75, 3.25, 11.75, 4.75 ], "texture": "#main" }, 
                "east":  { "uv": [ 10, 3.25, 10.75, 4.75 ], "texture": "#main" }, 
                "south": { "uv": [ 12.5, 3.25, 13.5, 4.75 ], "texture": "#main" }, 
                "west":  { "uv": [ 11.75, 3.25, 12.625, 4.75 ], "texture": "#main" }, 
                "up":    { "uv": [ 10.75, 2.5, 11.75, 3.25 ], "texture": "#main" }, 
                "down":  { "uv": [ 11.75, 2.5, 12.75, 3.25 ], "texture": "#main" }
            }
        }, 
        {
            "name": "leg", 
            "from": [ 8, -8, 6 ], 
            "to":   [ 12, 4, 10 ], 
            "faces": {
                "north": { "uv": [ 8.5, 3.25, 9, 4.75 ], "texture": "#main" }, 
                "east":  { "uv": [ 8, 3.25, 8.5, 4.75 ], "texture": "#main" }, 
                "south": { "uv": [ 9.5, 3.25, 10, 4.75 ], "texture": "#main" }, 
                "west":  { "uv": [ 9, 3.25, 9.5, 4.75 ], "texture": "#main" }, 
                "up":    { "uv": [ 8, 3.25, 8.5, 4.75 ], "texture": "#main" }, 
                "down":  { "uv": [ 9, 2.75, 9.5, 3.25 ], "texture": "#main" }
            }
        }, 
        {
            "name": "leg", 
            "from": [ 4, -8, 6 ], 
            "to":   [ 8, 4, 10 ], 
            "faces": {
                "north": { "uv": [ 8.5, 3.25, 9, 4.75 ], "texture": "#main" }, 
                "east":  { "uv": [ 8, 3.25, 8.5, 4.75 ], "texture": "#main" }, 
                "south": { "uv": [ 9.5, 3.25, 10, 4.75 ], "texture": "#main" }, 
                "west":  { "uv": [ 9, 3.25, 9.5, 4.75 ], "texture": "#main" }, 
                "up":    { "uv": [ 8, 3.25, 8.5, 4.75 ], "texture": "#main" }, 
                "down":  { "uv": [ 9, 2.75, 9.5, 3.25 ], "texture": "#main" }
            }
        }, 
        {
            "name": "robe", 
            "from": [ 3.5, -3.1, 4.3 ], 
            "to":   [ 12.5, 16.1, 11.7 ], 
            "faces": {
                "north": { "uv": [ 8.75, 5.5, 9.75, 8 ], "texture": "#main" }, 
                "east":  { "uv": [ 8, 5.5, 8.75, 8 ], "texture": "#main" }, 
                "south": { "uv": [ 10.5, 5.5, 11.5, 8 ], "texture": "#main" }, 
                "west":  { "uv": [ 9.75, 5.5, 10.625, 8 ], "texture": "#main" }, 
                "up":    { "uv": [ 8.75, 4.75, 9.75, 5.5 ], "texture": "#main" }, 
                "down":  { "uv": [ 11.625, 5.5, 12.625, 6.25 ], "texture": "#main" }
            }
        }, 
        {
            "name": "body", 
            "from": [ 4, 4, 4.5 ], 
            "to":   [ 12, 16, 11.5 ], 
            "faces": {
                "north": { "uv": [ 2.75, 11.25, 3.75, 12.75 ], "texture": "#main" }, 
                "east":  { "uv": [ 2, 11.25, 2.75, 12.75 ], "texture": "#main" }, 
                "south": { "uv": [ 4.5, 11.25, 5.5, 12.75 ], "texture": "#main" }, 
                "west":  { "uv": [ 3.75, 11.25, 4.625, 12.75 ], "texture": "#main" }, 
                "up":    { "uv": [ 2.75, 10.5, 3.75, 11.25 ], "texture": "#main" }, 
                "down":  { "uv": [ 3.75, 10.5, 4.75, 11.25 ], "texture": "#main" }
            }
        }, 
        {
            "name": "leg", 
            "from": [ 8, -8, 6 ], 
            "to":   [ 12, 4, 10 ], 
            "rotation": { "angle": -22.5, "axis": "x", "origin": [8, 4, 8] }, 
            "faces": {
                "north": { "uv": [ 0.5, 11.25, 1, 12.75 ], "texture": "#main" }, 
                "east":  { "uv": [ 0, 11.25, 0.5, 12.75 ], "texture": "#main" }, 
                "south": { "uv": [ 1.5, 11.25, 2, 12.75 ], "texture": "#main" }, 
                "west":  { "uv": [ 1, 11.25, 1.5, 12.75 ], "texture": "#main" }, 
                "up":    { "uv": [ 0, 11.25, 0.5, 12.75 ], "texture": "#main" }, 
                "down":  { "uv": [ 1, 10.75, 1.5, 11.25 ], "texture": "#main" }
            }
        }, 
        {
            "name": "leg", 
            "from": [ 4, -8, 6 ], 
            "to":   [ 8, 4, 10 ], 
            "rotation": { "angle": 22.5, "axis": "x", "origin": [8, 4, 8] }, 
            "faces": {
                "north": { "uv": [ 0.5, 11.25, 1, 12.75 ], "texture": "#main" }, 
                "east":  { "uv": [ 0, 11.25, 0.5, 12.75 ], "texture": "#main" }, 
                "south": { "uv": [ 1.5, 11.25, 2, 12.75 ], "texture": "#main" }, 
                "west":  { "uv": [ 1, 11.25, 1.5, 12.75 ], "texture": "#main" }, 
                "up":    { "uv": [ 0, 11.25, 0.5, 12.75 ], "texture": "#main" }, 
                "down":  { "uv": [ 1, 10.75, 1.5, 11.25 ], "texture": "#main" }
            }
        }, 
        {
            "name": "robe", 
            "from": [ 3.5, -3.1, 4.3 ], 
            "to":   [ 12.5, 16.1, 11.7 ], 
            "faces": {
                "north": { "uv": [ 0.75, 13.5, 1.75, 16 ], "texture": "#main" }, 
                "east":  { "uv": [ 0, 13.5, 0.75, 16 ], "texture": "#main" }, 
                "south": { "uv": [ 2.5, 13.5, 3.5, 16 ], "texture": "#main" }, 
                "west":  { "uv": [ 1.75, 13.5, 2.625, 16 ], "texture": "#main" }, 
                "up":    { "uv": [ 0.75, 12.75, 1.75, 13.5 ], "texture": "#main" }, 
                "down":  { "uv": [ 3.625, 13.5, 4.625, 14.25 ], "texture": "#main" }
            }
        }
    ], 
    "display": {
        "head": {
            "translation": [ 0, -57.5, 0 ], 
            "scale": [ 1.6, 1.6, 1.6 ]
        }
    }, 
    "__comment": "Model animated using Fizzy's model animator - http://fizzy81.github.io/animated-models/"
}