{
	"credit": "Made By BronGhast014 with Blockbench",
	"textures": {
		"1": "mobs/worlock_illager"
	},
	"elements": [
		{
			"name": "sholder cap",
			"from": [13.15, 13.25, 5.9],
			"to": [16.15, 16.25, 10.2],
			"faces": {
				"north": {"uv": [12.5, 3.5, 11.75, 2.75], "rotation": 180, "texture": "#1"},
				"east": {"uv": [11.75, 3.5, 12.5, 2.75], "rotation": 180, "texture": "#1"},
				"south": {"uv": [12, 3, 12.75, 3.75], "rotation": 180, "texture": "#1"},
				"west": {"uv": [12.75, 3.5, 11.75, 2.75], "rotation": 180, "texture": "#1"},
				"up": {"uv": [12.5, 2.75, 11.75, 3.75], "texture": "#1"},
				"down": {"uv": [11.75, 2.75, 12.5, 3.5], "texture": "#1"}
			}
		},
		{
			"name": "leg",
			"from": [12, 4, 6],
			"to": [16, 16, 10],
			"faces": {
				"north": {"uv": [13, 6.5, 12, 9.5], "texture": "#1"},
				"east": {"uv": [11, 6.5, 12, 9.5], "texture": "#1"},
				"south": {"uv": [15, 6.5, 14, 9.5], "texture": "#1"},
				"west": {"uv": [13, 6.5, 14, 9.5], "texture": "#1"},
				"up": {"uv": [12, 5.5, 13, 6.5], "texture": "#1"},
				"down": {"uv": [11, 5.5, 12, 6.5], "texture": "#1"}
			}
		},
		{
			"name": "sleeve",
			"from": [11.9, 6.5, 5.9],
			"to": [16.1, 7.5, 10.1],
			"faces": {
				"north": {"uv": [13.5, 9.5, 13.75, 10.5], "rotation": 270, "texture": "#1"},
				"east": {"uv": [13.5, 9.5, 13.75, 10.5], "rotation": 270, "texture": "#1"},
				"south": {"uv": [13.5, 9.5, 13.75, 10.5], "rotation": 270, "texture": "#1"},
				"west": {"uv": [13.5, 9.5, 13.75, 10.5], "rotation": 90, "texture": "#1"},
				"up": {"uv": [13.5, 9.5, 13.75, 10.5], "rotation": 270, "texture": "#1"},
				"down": {"uv": [13.5, 9.5, 13.75, 10.5], "rotation": 270, "texture": "#1"}
			}
		},
		{
			"name": "gem",
			"from": [11.99736, 4.53321, -8.03052],
			"to": [15.99736, 8.53321, -4.03052],
			"rotation": {"angle": -45, "axis": "x", "origin": [13.99736, 5.53321, -5.03052]},
			"faces": {
				"north": {"uv": [12.75, 3.75, 11.75, 2.75], "texture": "#1"},
				"east": {"uv": [11.75, 2.75, 12.75, 3.75], "texture": "#1"},
				"south": {"uv": [12.75, 2.75, 11.75, 3.75], "texture": "#1"},
				"west": {"uv": [11.75, 3.75, 12.75, 2.75], "texture": "#1"},
				"up": {"uv": [12.75, 3.75, 11.75, 2.75], "texture": "#1"},
				"down": {"uv": [11.75, 3.75, 12.75, 2.75], "texture": "#1"}
			}
		},
		{
			"name": "gem",
			"from": [13, 4.5, 11.25],
			"to": [15, 6.5, 13.25],
			"rotation": {"angle": -45, "axis": "x", "origin": [14, 5.5, 12.25]},
			"faces": {
				"north": {"uv": [6.25, 7.25, 6.5, 7.5], "texture": "#1"},
				"east": {"uv": [6.25, 7.25, 6.5, 7.5], "texture": "#1"},
				"south": {"uv": [6.25, 7.25, 6.5, 7.5], "texture": "#1"},
				"west": {"uv": [6.25, 7.25, 6.5, 7.5], "texture": "#1"},
				"up": {"uv": [6.25, 7.25, 6.5, 7.5], "texture": "#1"},
				"down": {"uv": [6.25, 7.25, 6.5, 7.5], "texture": "#1"}
			}
		},
		{
			"name": "gem",
			"from": [13, 4.5, 11.25],
			"to": [15, 6.5, 13.25],
			"rotation": {"angle": 45, "axis": "y", "origin": [14, 5.5, 12.25]},
			"faces": {
				"north": {"uv": [6.25, 7.25, 6.5, 7.5], "texture": "#1"},
				"east": {"uv": [6.25, 7.25, 6.5, 7.5], "texture": "#1"},
				"south": {"uv": [6.25, 7.25, 6.5, 7.5], "texture": "#1"},
				"west": {"uv": [6.25, 7.25, 6.5, 7.5], "texture": "#1"},
				"up": {"uv": [6.25, 7.25, 6.5, 7.5], "texture": "#1"},
				"down": {"uv": [6.25, 7.25, 6.5, 7.5], "texture": "#1"}
			}
		},
		{
			"from": [13, 4.5, 9.5],
			"to": [15, 6.5, 10.5],
			"faces": {
				"north": {"uv": [8, 5.75, 8.25, 6], "rotation": 180, "texture": "#1"},
				"east": {"uv": [8, 5.75, 8.25, 6], "rotation": 180, "texture": "#1"},
				"south": {"uv": [8, 5.75, 8.25, 6], "rotation": 180, "texture": "#1"},
				"west": {"uv": [8, 5.75, 8.25, 6], "rotation": 180, "texture": "#1"},
				"up": {"uv": [8, 5.75, 8.25, 6], "rotation": 180, "texture": "#1"},
				"down": {"uv": [8, 5.75, 8.25, 6], "rotation": 180, "texture": "#1"}
			}
		},
		{
			"from": [13, 4.5, 8],
			"to": [15, 6.5, 9],
			"faces": {
				"north": {"uv": [8, 5.75, 8.25, 6], "rotation": 180, "texture": "#1"},
				"east": {"uv": [8, 5.75, 8.25, 6], "rotation": 180, "texture": "#1"},
				"south": {"uv": [8, 5.75, 8.25, 6], "rotation": 180, "texture": "#1"},
				"west": {"uv": [8, 5.75, 8.25, 6], "rotation": 180, "texture": "#1"},
				"up": {"uv": [8, 5.75, 8.25, 6], "rotation": 180, "texture": "#1"},
				"down": {"uv": [8, 5.75, 8.25, 6], "rotation": 180, "texture": "#1"}
			}
		},
		{
			"from": [13, 4.5, 6.5],
			"to": [15, 6.5, 7.5],
			"faces": {
				"north": {"uv": [8, 5.75, 8.25, 6], "rotation": 180, "texture": "#1"},
				"east": {"uv": [8, 5.75, 8.25, 6], "rotation": 180, "texture": "#1"},
				"south": {"uv": [8, 5.75, 8.25, 6], "rotation": 180, "texture": "#1"},
				"west": {"uv": [8, 5.75, 8.25, 6], "rotation": 180, "texture": "#1"},
				"up": {"uv": [8, 5.75, 8.25, 6], "rotation": 180, "texture": "#1"},
				"down": {"uv": [8, 5.75, 8.25, 6], "rotation": 180, "texture": "#1"}
			}
		},
		{
			"from": [13, 4.5, 2],
			"to": [15, 6.5, 3],
			"faces": {
				"north": {"uv": [8, 5.75, 8.25, 6], "rotation": 180, "texture": "#1"},
				"east": {"uv": [8, 5.75, 8.25, 6], "rotation": 180, "texture": "#1"},
				"south": {"uv": [8, 5.75, 8.25, 6], "rotation": 180, "texture": "#1"},
				"west": {"uv": [8, 5.75, 8.25, 6], "rotation": 180, "texture": "#1"},
				"up": {"uv": [8, 5.75, 8.25, 6], "rotation": 180, "texture": "#1"},
				"down": {"uv": [8, 5.75, 8.25, 6], "rotation": 180, "texture": "#1"}
			}
		},
		{
			"from": [13, 4.5, 5],
			"to": [15, 6.5, 6],
			"faces": {
				"north": {"uv": [8, 5.75, 8.25, 6], "rotation": 180, "texture": "#1"},
				"east": {"uv": [8, 5.75, 8.25, 6], "rotation": 180, "texture": "#1"},
				"south": {"uv": [8, 5.75, 8.25, 6], "rotation": 180, "texture": "#1"},
				"west": {"uv": [8, 5.75, 8.25, 6], "rotation": 180, "texture": "#1"},
				"up": {"uv": [8, 5.75, 8.25, 6], "rotation": 180, "texture": "#1"},
				"down": {"uv": [8, 5.75, 8.25, 6], "rotation": 180, "texture": "#1"}
			}
		},
		{
			"from": [13, 4.5, 3.5],
			"to": [15, 6.5, 4.5],
			"faces": {
				"north": {"uv": [8, 5.75, 8.25, 6], "rotation": 180, "texture": "#1"},
				"east": {"uv": [8, 5.75, 8.25, 6], "rotation": 180, "texture": "#1"},
				"south": {"uv": [8, 5.75, 8.25, 6], "rotation": 180, "texture": "#1"},
				"west": {"uv": [8, 5.75, 8.25, 6], "rotation": 180, "texture": "#1"},
				"up": {"uv": [8, 5.75, 8.25, 6], "rotation": 180, "texture": "#1"},
				"down": {"uv": [8, 5.75, 8.25, 6], "rotation": 180, "texture": "#1"}
			}
		},
		{
			"from": [13, 4.5, -2.5],
			"to": [15, 6.5, -1.5],
			"faces": {
				"north": {"uv": [8, 5.75, 8.25, 6], "rotation": 180, "texture": "#1"},
				"east": {"uv": [8, 5.75, 8.25, 6], "rotation": 180, "texture": "#1"},
				"south": {"uv": [8, 5.75, 8.25, 6], "rotation": 180, "texture": "#1"},
				"west": {"uv": [8, 5.75, 8.25, 6], "rotation": 180, "texture": "#1"},
				"up": {"uv": [8, 5.75, 8.25, 6], "rotation": 180, "texture": "#1"},
				"down": {"uv": [8, 5.75, 8.25, 6], "rotation": 180, "texture": "#1"}
			}
		},
		{
			"from": [13, 4.5, 0.5],
			"to": [15, 6.5, 1.5],
			"faces": {
				"north": {"uv": [8, 5.75, 8.25, 6], "rotation": 180, "texture": "#1"},
				"east": {"uv": [8, 5.75, 8.25, 6], "rotation": 180, "texture": "#1"},
				"south": {"uv": [8, 5.75, 8.25, 6], "rotation": 180, "texture": "#1"},
				"west": {"uv": [8, 5.75, 8.25, 6], "rotation": 180, "texture": "#1"},
				"up": {"uv": [8, 5.75, 8.25, 6], "rotation": 180, "texture": "#1"},
				"down": {"uv": [8, 5.75, 8.25, 6], "rotation": 180, "texture": "#1"}
			}
		},
		{
			"from": [13, 4.5, -1],
			"to": [15, 6.5, 0],
			"faces": {
				"north": {"uv": [8, 5.75, 8.25, 6], "rotation": 180, "texture": "#1"},
				"east": {"uv": [8, 5.75, 8.25, 6], "rotation": 180, "texture": "#1"},
				"south": {"uv": [8, 5.75, 8.25, 6], "rotation": 180, "texture": "#1"},
				"west": {"uv": [8, 5.75, 8.25, 6], "rotation": 180, "texture": "#1"},
				"up": {"uv": [8, 5.75, 8.25, 6], "rotation": 180, "texture": "#1"},
				"down": {"uv": [8, 5.75, 8.25, 6], "rotation": 180, "texture": "#1"}
			}
		},
		{
			"from": [13.5, 5, -1.5],
			"to": [14.5, 6, 11.5],
			"faces": {
				"north": {"uv": [2.5, 5.75, 2.75, 6], "rotation": 90, "texture": "#1"},
				"east": {"uv": [2.5, 5.75, 2.75, 6], "rotation": 90, "texture": "#1"},
				"south": {"uv": [2.5, 5.75, 2.75, 6], "rotation": 90, "texture": "#1"},
				"west": {"uv": [2.5, 5.75, 2.75, 6], "rotation": 90, "texture": "#1"},
				"up": {"uv": [2.5, 5.75, 2.75, 6], "rotation": 90, "texture": "#1"},
				"down": {"uv": [2.5, 5.75, 2.75, 6], "rotation": 90, "texture": "#1"}
			}
		}
	],
	"display": {
		"thirdperson_righthand": {
			"rotation": [90, 0, 0],
			"translation": [-6, -2, 4]
		},
		"head": {
			"translation": [0, -19.25, 0],
			"scale": [1.6, 1.6, 1.6]
		}
	},
	"groups": [
		{
			"name": "arms",
			"children": [
				{
					"name": "r arm",
					"children": [0, 1, 2]
				}
			]
		},
		{
			"name": "wand",
			"children": [3, 4, 5, 6, 7, 8, 9, 10, 11, 12, 13, 14, 15]
		}
	]
}