{
	"credit": "Made By BronGhast014 with Blockbench",
	"textures": {
		"0": "mobs/druid",
		"particle": "mobs/druid"
	},
	"elements": [
		{
			"name": "body",
			"from": [4, 12, 4],
			"to": [12, 24, 8],
			"faces": {
				"north": {"uv": [0, 2, 4, 8], "texture": "#0"},
				"east": {"uv": [6, 2, 8, 8], "texture": "#0"},
				"south": {"uv": [4, 2, 8, 8], "texture": "#0"},
				"west": {"uv": [4, 2, 6, 8], "texture": "#0"},
				"up": {"uv": [0, 0, 4, 2], "texture": "#0"},
				"down": {"uv": [4, 1.5, 8, 3.5], "texture": "#0"}
			}
		},
		{
			"name": "robe",
			"from": [4, 0, 4],
			"to": [12, 12, 8],
			"faces": {
				"north": {"uv": [12, 0, 16, 6], "texture": "#0"},
				"east": {"uv": [0, 10, 2, 16], "texture": "#0"},
				"south": {"uv": [4, 10, 8, 16], "texture": "#0"},
				"west": {"uv": [0, 10, 2, 16], "texture": "#0"},
				"up": {"uv": [4, 2, 8, 4], "texture": "#0"},
				"down": {"uv": [4, 5.5, 8, 7.5], "texture": "#0"}
			}
		},
		{
			"name": "robe",
			"from": [4, 0, 8],
			"to": [12, 2, 13],
			"faces": {
				"north": {"uv": [0, 15, 4.5, 16], "texture": "#0"},
				"east": {"uv": [0, 15, 3, 16], "texture": "#0"},
				"south": {"uv": [0, 15, 4.5, 16], "texture": "#0"},
				"west": {"uv": [0, 15, 4.5, 16], "texture": "#0"},
				"up": {"uv": [0, 12.5, 4.5, 15], "texture": "#0"},
				"down": {"uv": [0, 12, 4.5, 14.5], "texture": "#0"}
			}
		},
		{
			"name": "robe",
			"from": [4, 2, 8],
			"to": [12, 4, 10],
			"faces": {
				"north": {"uv": [0, 14, 4.5, 15], "texture": "#0"},
				"east": {"uv": [0, 14, 1, 15], "texture": "#0"},
				"south": {"uv": [0, 14, 4.5, 15], "texture": "#0"},
				"west": {"uv": [0, 14, 1, 15], "texture": "#0"},
				"up": {"uv": [0, 14, 4.5, 15], "texture": "#0"},
				"down": {"uv": [0, 14, 4.5, 15], "texture": "#0"}
			}
		},
		{
			"name": "robe",
			"from": [5, 4, 8],
			"to": [11, 10, 9],
			"faces": {
				"north": {"uv": [1, 8.5, 4, 11.5], "texture": "#0"},
				"east": {"uv": [1, 8.5, 1.5, 11.5], "texture": "#0"},
				"south": {"uv": [1, 8.5, 4, 11.5], "texture": "#0"},
				"west": {"uv": [1, 8.5, 1.5, 11.5], "texture": "#0"},
				"up": {"uv": [1, 8.5, 4, 9], "texture": "#0"},
				"down": {"uv": [1, 11, 4, 11.5], "texture": "#0"}
			}
		}
	],
	"display": {
		"thirdperson_righthand": {
			"rotation": [90, 0, 0],
			"translation": [-6, -4, -4]
		},
		"thirdperson_lefthand": {
			"rotation": [90, 0, 0],
			"translation": [-6, -4, -4]
		},
		"head": {
			"translation": [0, -67.5, 3.5],
			"scale": [1.6, 1.6, 1.6]
		}
	}
}