{
	"credit": "Made By BronGhast014 with Blockbench",
	"textures": {
		"0": "mobs/druid",
		"particle": "mobs/druid"
	},
	"elements": [
		{
			"name": "R arm",
			"from": [0, 12, 4],
			"to": [4, 24, 8],
			"faces": {
				"north": {"uv": [6, 10.5, 8, 16], "texture": "#0"},
				"east": {"uv": [0, 10.5, 2, 16], "texture": "#0"},
				"south": {"uv": [6, 10.5, 8, 16], "texture": "#0"},
				"west": {"uv": [2, 10.5, 4, 16], "texture": "#0"},
				"up": {"uv": [4, 1.5, 6, 3.5], "texture": "#0"},
				"down": {"uv": [14.5, 6.5, 15.5, 7.5], "texture": "#0"}
			}
		}
	],
	"display": {
		"thirdperson_righthand": {
			"rotation": [90, 0, 0],
			"translation": [-6, -4, -4]
		},
		"thirdperson_lefthand": {
			"rotation": [90, 0, 0],
			"translation": [-6, -4, -4]
		},
		"head": {
			"translation": [0, -32, 3.5],
			"scale": [1.6, 1.6, 1.6]
		}
	}
}