{
	"credit": "Made By BronGhast014 with Blockbench",
	"textures": {
		"0": "mobs/jungle_creeper",
		"1": "mobs/overgrowth",
		"particle": "mobs/overgrowth"
	},
	"elements": [
		{
			"name": "body",
			"from": [4, 6, 6],
			"to": [12, 18, 10],
			"faces": {
				"north": {"uv": [2, 10, 6, 16], "texture": "#0"},
				"east": {"uv": [0, 10, 2, 16], "texture": "#0"},
				"south": {"uv": [6, 10, 10, 16], "texture": "#0"},
				"west": {"uv": [10, 10, 12, 16], "texture": "#0"},
				"up": {"uv": [0, 8, 4, 10], "texture": "#0"},
				"down": {"uv": [4, 8, 8, 10], "texture": "#0"}
			}
		},
		{
			"name": "R f leg",
			"from": [4, 0, 2],
			"to": [8, 6, 6],
			"rotation": {"angle": 22.5, "axis": "x", "origin": [8, 6, 6]},
			"faces": {
				"north": {"uv": [12, 0, 14, 3], "texture": "#0"},
				"east": {"uv": [12, 3, 14, 6], "texture": "#0"},
				"south": {"uv": [14, 3, 16, 6], "texture": "#0"},
				"west": {"uv": [14, 0, 16, 3], "texture": "#0"},
				"up": {"uv": [12, 6, 14, 8], "texture": "#0"},
				"down": {"uv": [14, 6, 16, 8], "texture": "#0"}
			}
		},
		{
			"name": "Left f leg",
			"from": [8, 0, 2],
			"to": [12, 6, 6],
			"rotation": {"angle": -22.5, "axis": "x", "origin": [8, 6, 6]},
			"faces": {
				"north": {"uv": [12, 0, 14, 3], "texture": "#0"},
				"east": {"uv": [12, 3, 14, 6], "texture": "#0"},
				"south": {"uv": [14, 3, 16, 6], "texture": "#0"},
				"west": {"uv": [14, 0, 16, 3], "texture": "#0"},
				"up": {"uv": [12, 6, 14, 8], "texture": "#0"},
				"down": {"uv": [14, 6, 16, 8], "texture": "#0"}
			}
		},
		{
			"name": "Right b leg",
			"from": [4, 0, 10],
			"to": [8, 6, 14],
			"rotation": {"angle": 22.5, "axis": "x", "origin": [8, 6, 10]},
			"faces": {
				"north": {"uv": [12, 0, 14, 3], "texture": "#0"},
				"east": {"uv": [12, 3, 14, 6], "texture": "#0"},
				"south": {"uv": [14, 3, 16, 6], "texture": "#0"},
				"west": {"uv": [14, 0, 16, 3], "texture": "#0"},
				"up": {"uv": [12, 6, 14, 8], "texture": "#0"},
				"down": {"uv": [14, 6, 16, 8], "texture": "#0"}
			}
		},
		{
			"name": "Left b leg",
			"from": [8, 0, 10],
			"to": [12, 6, 14],
			"rotation": {"angle": -22.5, "axis": "x", "origin": [8, 6, 10]},
			"faces": {
				"north": {"uv": [12, 0, 14, 3], "texture": "#0"},
				"east": {"uv": [12, 3, 14, 6], "texture": "#0"},
				"south": {"uv": [14, 3, 16, 6], "texture": "#0"},
				"west": {"uv": [14, 0, 16, 3], "texture": "#0"},
				"up": {"uv": [12, 6, 14, 8], "texture": "#0"},
				"down": {"uv": [14, 6, 16, 8], "texture": "#0"}
			}
		},
		{
			"name": "m",
			"from": [1, 7, 8],
			"to": [5, 11, 8],
			"rotation": {"angle": -45, "axis": "z", "origin": [4, 9, 8]},
			"faces": {
				"north": {"uv": [12, 2, 10, 0], "rotation": 270, "texture": "#1"},
				"east": {"uv": [12, 0, 10, 2], "rotation": 270, "texture": "#1"},
				"south": {"uv": [12, 0, 10, 2], "rotation": 270, "texture": "#1"},
				"west": {"uv": [12, 0, 10, 2], "rotation": 270, "texture": "#1"},
				"up": {"uv": [12, 0, 10, 2], "rotation": 270, "texture": "#1"},
				"down": {"uv": [12, 0, 10, 2], "rotation": 270, "texture": "#1"}
			}
		},
		{
			"name": "m",
			"from": [1, 9, 6],
			"to": [5, 9, 10],
			"rotation": {"angle": -45, "axis": "z", "origin": [4, 9, 8]},
			"faces": {
				"north": {"uv": [12, 0, 10, 2], "rotation": 270, "texture": "#1"},
				"east": {"uv": [12, 0, 10, 2], "rotation": 270, "texture": "#1"},
				"south": {"uv": [12, 0, 10, 2], "rotation": 270, "texture": "#1"},
				"west": {"uv": [12, 0, 10, 2], "rotation": 270, "texture": "#1"},
				"up": {"uv": [12, 0, 10, 2], "rotation": 270, "texture": "#1"},
				"down": {"uv": [12, 0, 10, 2], "rotation": 270, "texture": "#1"}
			}
		},
		{
			"name": "grass",
			"from": [1, 2, 5],
			"to": [1, 10, 13],
			"rotation": {"angle": -45, "axis": "z", "origin": [12, -6, 10]},
			"faces": {
				"north": {"uv": [8.25, 4.25, 11.75, 7.75], "texture": "#1"},
				"east": {"uv": [8.25, 4.25, 11.75, 7.75], "texture": "#1"},
				"south": {"uv": [11.75, 4.25, 8.25, 7.75], "texture": "#1"},
				"west": {"uv": [8.25, 4.25, 11.75, 7.75], "texture": "#1"},
				"up": {"uv": [8.25, 4.25, 11.75, 7.75], "rotation": 270, "texture": "#1"},
				"down": {"uv": [8.25, 4.25, 11.75, 7.75], "rotation": 90, "texture": "#1"}
			}
		},
		{
			"name": "grass",
			"from": [-3, 2, 9],
			"to": [5, 10, 9],
			"rotation": {"angle": -45, "axis": "z", "origin": [12, -6, 10]},
			"faces": {
				"north": {"uv": [8.25, 4.25, 11.75, 7.75], "texture": "#1"},
				"east": {"uv": [8.25, 4.25, 11.75, 7.75], "texture": "#1"},
				"south": {"uv": [11.75, 4.25, 8.25, 7.75], "texture": "#1"},
				"west": {"uv": [8.25, 4.25, 11.75, 7.75], "texture": "#1"},
				"up": {"uv": [8.25, 4.25, 11.75, 7.75], "texture": "#1"},
				"down": {"uv": [8.25, 4.25, 11.75, 7.75], "texture": "#1"}
			}
		}
	],
	"display": {
		"head": {
			"translation": [0, -69.8, 0],
			"scale": [1.5, 1.5, 1.5]
		}
	},
	"groups": [
		{
			"name": "body",
			"children": [0, 1, 2, 3, 4, 5, 6, 7, 8]
		}
	]
}